,hex7,Value,lat,lng,suitability
0,871f16000ffffff,0.63648766,52.34008345486254,7.038924728207197,63.6
1,871f16001ffffff,0.27783155,52.34404696242309,7.072904076486926,27.8
2,871f16002ffffff,0.80860686,52.32123916714159,7.0248141319064485,80.9
3,871f16003ffffff,0.61533165,52.32520582066624,7.058780166456216,61.5
4,871f16004ffffff,0.8174712,52.35495273158873,7.0190626443558966,81.7
5,871f16005ffffff,0.47798005,52.35892229078058,7.053044529112342,47.8
6,871f16006ffffff,0.82067883,52.33611075111251,7.00495616538372,82.1
7,871f16010ffffff,0.8002843,52.29841045708937,6.9767707958752005,80.0
8,871f16011ffffff,0.8168427,52.302389432984775,7.010712732922336,81.7
9,871f16012ffffff,0.6592592,52.2795521542825,6.962691890765384,65.9
10,871f16013ffffff,0.68581504,52.283534257763975,6.996620523972234,68.6
11,871f16014ffffff,0.85526353,52.31327830086396,6.956914444397746,85.5
12,871f16015ffffff,0.9149931,52.31726332449017,6.99085888498657,91.5
13,871f16016ffffff,0.68031895,52.29442230728434,6.942839667285631,68.0
14,871f1601affffff,0.7029306,52.27261658571664,7.050400532115059,70.3
15,871f1601cffffff,0.7379544,52.30635922681644,7.044665459758052,73.8
16,871f1601effffff,0.6730624,52.287507186245,7.030559949111293,67.3
17,871f16020ffffff,0.80089164,52.38864787031645,7.013305478177763,80.1
18,871f16021ffffff,0.6659248,52.392620332656456,7.047303227207437,66.6
19,871f16022ffffff,0.90856993,52.36981364940995,6.999193916341431,90.9
20,871f16023ffffff,0.81443936,52.37378926055604,7.03317832919733,81.4
21,871f16024ffffff,0.7853822,52.40349811863608,6.993425977496836,78.5
22,871f16025ffffff,0.64416784,52.407476634658245,7.027426254447375,64.4
23,871f16026ffffff,0.87803614,52.384666206898736,6.979318545610315,87.8
24,871f1602affffff,0.29485023,52.36288264672052,7.087037197136236,29.5
25,871f1602effffff,0.4940138,52.37775566953346,7.067173541914564,49.4
26,871f16030ffffff,0.7514257,52.34698603605144,6.951131299664977,75.1
27,871f16031ffffff,0.8639554,52.35097397729255,6.98509156163236,86.4
28,871f16032ffffff,0.7660654,52.328137787654896,6.9370514709963045,76.6
29,871f16033ffffff,0.8167446,52.33212885932275,6.970998406749749,81.7
30,871f16034ffffff,0.8101614,52.36183485325251,6.9312575651926425,81.0
31,871f16035ffffff,0.78136945,52.36582884425242,6.9652203221021685,78.1
32,871f16036ffffff,0.79331964,52.34298891603664,6.917181877134532,79.3
33,871f16080ffffff,0.8870613,52.20805925384696,6.940343443035287,88.7
34,871f16081ffffff,0.73276025,52.21204466433767,6.974229721592424,73.3
35,871f16082ffffff,0.77384114,52.18917695405294,6.926297075191871,77.4
36,871f16083ffffff,0.6582522,52.193165470896346,6.96017008216222,65.8
37,871f16084ffffff,0.8709977,52.22294468722218,6.920510206679634,87.1
38,871f16085ffffff,0.7617781,52.22693613950863,6.954398964575061,76.2
39,871f16086ffffff,0.93939126,52.20406469661177,6.906467964835577,93.9
40,871f1608dffffff,0.72708005,52.219988012484826,7.04203460553211,72.7
41,871f16090ffffff,0.7734134,52.16628849537728,6.878410916863392,77.3
42,871f16091ffffff,0.7821293,52.170289245527336,6.912259853792437,78.2
43,871f16092ffffff,0.75850487,52.14739229556061,6.864396096232748,75.9
44,871f16093ffffff,0.70910496,52.15139613367572,6.8982317715896775,70.9
45,871f16094ffffff,0.8152029,52.18117250949359,6.8585834870083655,81.5
46,871f16095ffffff,0.8833281,52.185179297529714,6.892434870648112,88.3
47,871f16096ffffff,0.7776284,52.1622786207813,6.844572802860927,77.8
48,871f1609cffffff,0.5310273,52.17428086306244,6.946119595202436,53.1
49,871f160a0ffffff,0.861255,52.25669403625941,6.914717639643489,86.1
50,871f160a1ffffff,0.8362004,52.26068842144682,6.948622162378067,83.6
51,871f160a2ffffff,0.8451745,52.23782176957451,6.9006703745573,84.5
52,871f160a3ffffff,0.8748287,52.24181926396445,6.934561603439148,87.5
53,871f160a4ffffff,0.7912995,52.27156045495519,6.894867074654122,79.1
54,871f160a5ffffff,0.7261991,52.27556088395688,6.928774068127736,72.6
55,871f160a6ffffff,0.9034646,52.25269049946377,6.880823948137585,90.3
56,871f160a8ffffff,0.876743,52.24978678644651,7.0023764868727865,87.7
57,871f160a9ffffff,0.8150585,52.25375679822919,7.036300104236463,81.5
58,871f160aaffffff,0.78414,52.2309184379862,6.988298520743978,78.4
59,871f160abffffff,0.83954614,52.23489157450389,7.022208856603219,84.0
60,871f160acffffff,0.75138557,52.26467364685587,6.982537497778522,75.1
61,871f160adffffff,0.7504149,52.26864970432804,7.016463627239888,75.0
62,871f160aeffffff,0.74694073,52.24580760564198,6.968463647068653,74.7
63,871f160b0ffffff,0.9232833,52.2149343538853,6.852765159831532,92.3
64,871f160b2ffffff,0.8983901,52.196048174579,6.838749483503416,89.8
65,871f160b3ffffff,0.8844993,52.20006100079695,6.872603305502546,88.4
66,871f160b4ffffff,0.90867984,52.22979935535833,6.832920435117988,90.9
67,871f160b5ffffff,0.9333084,52.23381513064448,6.866789978953996,93.3
68,871f160b6ffffff,0.91468674,52.2109154891953,6.818908907834759,91.5
69,871f160f6ffffff,0.6940482,52.23885554092245,7.056129953527569,69.4
70,871f16100ffffff,0.46631902,52.443992805237286,6.899750664707902,46.6
71,871f16102ffffff,0.7947175,52.42516469156244,6.885669035446786,79.5
72,871f16103ffffff,0.67726564,52.429173703206,6.919652591692969,67.7
73,871f16106ffffff,0.66497505,52.43997774123985,6.86576463902721,66.5
74,871f16108ffffff,0.6896364,52.43716414961003,6.987652340535572,69.0
75,871f16109ffffff,0.5222507,52.441145567990695,7.021668495660362,52.2
76,871f1610affffff,0.9023287,52.41834000409665,6.97353982860518,90.2
77,871f1610bffffff,0.5849164,52.422324574114974,7.007542625074349,58.5
78,871f1610cffffff,0.45519853,52.45199535973422,6.967755402285772,45.5
79,871f1610dffffff,0.33322853,52.45598283383464,7.001774076731885,33.3
80,871f1610effffff,0.77313447,52.43317352528714,6.953647032960718,77.3
81,871f16110ffffff,0.8153634,52.402309817219226,6.8376373266150265,81.5
82,871f16111ffffff,0.83005255,52.40633113356334,6.871596612165096,83.0
83,871f16112ffffff,0.77153945,52.383467702548224,6.823587462859866,77.2
84,871f16113ffffff,0.91142327,52.3874921365821,6.857533387534242,91.1
85,871f16114ffffff,0.8553283,52.41711913242995,6.817734652664224,85.5
86,871f16115ffffff,0.90228075,52.421146498564,6.851696382894104,90.2
87,871f16116ffffff,0.73099095,52.39827933481783,6.803688965393806,73.1
88,871f16118ffffff,0.71143377,52.39551349483144,6.925457941541303,71.1
89,871f16119ffffff,0.82050085,52.39951040263498,6.959436533616473,82.1
90,871f1611affffff,0.8301727,52.37667530950963,6.911377204800568,83.0
91,871f1611bffffff,0.6682437,52.38067535057025,6.9453424482503205,66.8
92,871f1611cffffff,0.7167971,52.41034327562879,6.9055668034470346,71.7
93,871f1611dffffff,0.77559596,52.41434623520588,6.939547881821151,77.6
94,871f1611effffff,0.88360286,52.39150740341379,6.8914902199638846,88.4
95,871f1612bffffff,0.13048309,52.47081173321092,6.981872997127104,13.0
96,871f16130ffffff,0.71867543,52.45075212757797,6.811876065931986,71.9
97,871f16131ffffff,0.70964587,52.45478242327583,6.845853615682287,71.0
98,871f16132ffffff,0.7897451,52.43192008083288,6.79782536718971,79.0
99,871f16133ffffff,0.8837775,52.43595349702874,6.831789533648182,88.4
100,871f16134ffffff,0.65479875,52.465542388839374,6.791955981257569,65.5
101,871f16136ffffff,0.79131347,52.44671266105389,6.777909471706792,79.1
102,871f16180ffffff,0.7414956,52.312081865845954,6.801372329126669,74.1
103,871f16181ffffff,0.62832135,52.31610957517515,6.835275787294449,62.8
104,871f16182ffffff,0.8182408,52.29321575425358,6.787354988000686,81.8
105,871f16183ffffff,0.7034668,52.29724656006263,6.8212451178967255,70.3
106,871f16184ffffff,0.8218316,52.32690881207622,6.781492953515451,82.2
107,871f16185ffffff,0.747935,52.330942565238686,6.815398832337558,74.8
108,871f16186ffffff,0.90469116,52.30804501762263,6.76747978665923,90.5
109,871f16188ffffff,0.62357074,52.30528074335394,6.889058056806606,62.4
110,871f16189ffffff,0.6054711,52.30928410442671,6.922980828798911,60.5
111,871f1618affffff,0.7938464,52.2864185186209,6.875009909944452,79.4
112,871f1618bffffff,0.62989825,52.29042499173563,6.908919365780537,63.0
113,871f1618cffffff,0.5899949,52.3201281373901,6.869190142683495,59.0
114,871f1618dffffff,0.67009354,52.32413754428229,6.9031153767720745,67.0
115,871f1618effffff,0.7295149,52.30126822583294,6.855146146995232,73.0
116,871f16190ffffff,0.93460655,52.27030121446355,6.739480913501784,93.5
117,871f16191ffffff,0.880958,52.27434423583243,6.773346801661861,88.1
118,871f16192ffffff,0.8729934,52.25142121650564,6.725495192607639,87.3
119,871f16193ffffff,0.9050756,52.255467315958185,6.759347762817632,90.5
120,871f16194ffffff,0.8689704,52.28512675541945,6.719607499562542,86.9
121,871f16195ffffff,0.87103516,52.28917581662794,6.753475775754366,87.1
122,871f16196ffffff,0.91138554,52.26624907659157,6.705625963298941,91.1
123,871f16198ffffff,0.8322354,52.26353215365442,6.827085649366977,83.2
124,871f16199ffffff,0.8689794,52.267550875457225,6.860970928897091,86.9
125,871f1619affffff,0.8997633,52.24465600378706,6.813069132852256,90.0
126,871f1619bffffff,0.9015736,52.24867781924181,6.846941106381037,90.2
127,871f1619cffffff,0.8064964,52.27837813246248,6.807223609406279,80.6
128,871f1619dffffff,0.8785986,52.28240289612952,6.8411113183197,87.9
129,871f1619effffff,0.8380188,52.25950429774984,6.793211254531897,83.8
130,871f161a0ffffff,0.7458548,52.360583461931256,6.775625142673469,74.6
131,871f161a1ffffff,0.7694717,52.36462015989844,6.809546784303819,76.9
132,871f161a2ffffff,0.7674192,52.34172739735751,6.761606992576313,76.7
133,871f161a3ffffff,0.7596574,52.3457671946221,6.795515283627183,76.0
134,871f161a4ffffff,0.86857736,52.37539136577941,6.75572841099381,86.9
135,871f161a5ffffff,0.73492503,52.37943410953564,6.789652464505631,73.5
136,871f161a6ffffff,0.78010577,52.35653762030128,6.741714447829885,78.0
137,871f161a8ffffff,0.78093475,52.35381934646068,6.863364638002691,78.1
138,871f161a9ffffff,0.8827359,52.35783168459107,6.897305664283417,88.3
139,871f161aaffffff,0.71805614,52.3349671724297,6.849315624895927,71.8
140,871f161abffffff,0.74908125,52.33898262543115,6.883243312679507,74.9
141,871f161acffffff,0.8396625,52.36864770596566,6.843479354230716,84.0
142,871f161adffffff,0.7689021,52.37266609190737,6.877422833921417,76.9
143,871f161aeffffff,0.87852573,52.349797847065695,6.829434504936232,87.9
144,871f161b0ffffff,0.8392994,52.31881390076707,6.713714010912477,83.9
145,871f161b1ffffff,0.86896026,52.32286592117194,6.747598006898384,86.9
146,871f161b2ffffff,0.83998924,52.299943937431934,6.699727522530004,84.0
147,871f161b3ffffff,0.89461386,52.30399903873687,6.733598178328935,89.5
148,871f161b4ffffff,0.8685672,52.33362040133375,6.693823275039255,86.9
149,871f161b5ffffff,0.8771176,52.337678463511146,6.727709650241829,87.7
150,871f161b6ffffff,0.7996059,52.3147527591144,6.679840983941464,80.0
151,871f16460ffffff,0.6025153,52.12447467276145,6.816578808611139,60.3
152,871f16461ffffff,0.57022405,52.12849070349064,6.850390401512398,57.0
153,871f16463ffffff,0.45485315,52.109583724583054,6.836393825463802,45.5
154,871f16464ffffff,0.83287084,52.1393572753769,6.796757238694071,83.3
155,871f16465ffffff,0.8904105,52.14337934006679,6.830571245810234,89.0
156,871f16466ffffff,0.462559,52.12044953990571,6.782778060977763,46.3
157,871f1646cffffff,0.4193492,52.13249762390849,6.884212821341277,41.9
158,871f16505ffffff,0.60976774,52.17022654074952,6.480947375589465,61.0
159,871f16520ffffff,0.29198268,52.199815463301285,6.44119996956427,29.2
160,871f16521ffffff,0.569502,52.20393722225516,6.47495118511114,57.0
161,871f16523ffffff,0.56402075,52.185025179871246,6.461076915067939,56.4
162,871f16524ffffff,0.2813777,52.214597389679085,6.421316540690045,28.1
163,871f16525ffffff,0.39443675,52.218725176015845,6.455069997104384,39.4
164,871f16528ffffff,0.7951858,52.19324759783216,6.528585899864738,79.5
165,871f16529ffffff,0.8946664,52.19734523014107,6.562356952770248,89.5
166,871f1652affffff,0.69385326,52.1743362455336,6.514694084038327,69.4
167,871f1652bffffff,0.63862604,52.178436903523306,6.548451828503965,63.9
168,871f1652cffffff,0.78801256,52.20804993686168,6.508713469354654,78.8
169,871f1652dffffff,0.8373363,52.21215359880196,6.542486804282519,83.7
170,871f1652effffff,0.65542907,52.18914091163906,6.4948258812895485,65.5
171,871f16540ffffff,0.72942424,52.179905729611136,6.70344293671527,72.9
172,871f16541ffffff,0.86701983,52.183954995445134,6.737253225549405,86.7
173,871f16542ffffff,0.7711004,52.16100188327399,6.689489526135573,77.1
174,871f16543ffffff,0.8408681,52.165054205965,6.723286529566087,84.1
175,871f16544ffffff,0.82091653,52.19474890170435,6.6835928052146985,82.1
176,871f16545ffffff,0.8139198,52.19880420144536,6.71740545840392,81.4
177,871f16546ffffff,0.73629487,52.17584737442984,6.669643576919003,73.6
178,871f16548ffffff,0.86775494,52.17313157160849,6.790913256140336,86.8
179,871f16549ffffff,0.73829514,52.177156598123126,6.824742942708004,73.8
180,871f1654affffff,0.8253847,52.154231530985655,6.776929117208296,82.5
181,871f1654bffffff,0.7947517,52.15825962992003,6.810745530188713,79.5
182,871f1654cffffff,0.8517109,52.18799516369762,6.771074425164908,85.2
183,871f1654dffffff,0.8610033,52.192026226146,6.804906517263206,86.1
184,871f1654effffff,0.8912395,52.16909743815137,6.757094445656657,89.1
185,871f16551ffffff,0.76759654,52.14209266783829,6.675545219403195,76.8
186,871f16553ffffff,0.66352034,52.123178088713175,6.661610009261659,66.4
187,871f16555ffffff,0.7096683,52.15694047831448,6.655703453590012,71.0
188,871f16558ffffff,0.58164674,52.13128585119731,6.729161827658663,58.2
189,871f16559ffffff,0.6430092,52.13532610968519,6.762954093214249,64.3
190,871f1655affffff,0.40559843,52.11237200061067,6.715209174665941,40.6
191,871f1655bffffff,0.34059596,52.11641531311953,6.74898817691057,34.1
192,871f1655cffffff,0.87786764,52.14614804172388,6.709328943559109,87.8
193,871f1655dffffff,0.8666885,52.15019433218188,6.7431235822392726,86.7
194,871f1655effffff,0.75164235,52.12723650813047,6.695380460273171,75.2
195,871f16560ffffff,0.7298808,52.228477553916,6.677690289104729,73.0
196,871f16561ffffff,0.7827031,52.23253582813518,6.711518605783224,78.3
197,871f16562ffffff,0.87105066,52.209583720836015,6.663736136599459,87.1
198,871f16563ffffff,0.77478105,52.213645054737896,6.697551145745014,77.5
199,871f16564ffffff,0.76358026,52.24330169758024,6.657822890022367,76.4
200,871f16565ffffff,0.85107654,52.247366007629935,6.691653562242974,85.1
201,871f16566ffffff,0.7133696,52.224410185604896,6.643872932412036,71.3
202,871f16568ffffff,0.8694909,52.22174042851167,6.765213976491944,86.9
203,871f16569ffffff,0.8997594,52.22577445191167,6.7990617614958495,90.0
204,871f1656affffff,0.85278076,52.20285040476038,6.751229038769491,85.3
205,871f1656bffffff,0.89526075,52.20688750341727,6.785063528023213,89.5
206,871f1656cffffff,0.87008065,52.23658500001129,6.745357864180567,87.0
207,871f1656dffffff,0.8581915,52.24062506130466,6.7792080459874615,85.8
208,871f1656effffff,0.91976386,52.21769729337701,6.731377098468383,92.0
209,871f16570ffffff,0.7368842,52.186611045930256,6.616000353306369,73.7
210,871f16571ffffff,0.8680976,52.190684513780994,6.649791097447648,86.8
211,871f16572ffffff,0.61544836,52.16770342901877,6.602077717254796,61.5
212,871f16573ffffff,0.6694323,52.17177993814674,6.635855164374857,66.9
213,871f16574ffffff,0.8314463,52.20143380026749,6.596139021940376,83.1
214,871f16575ffffff,0.8027178,52.20551329992439,6.6299320892669416,80.3
215,871f16576ffffff,0.7754005,52.182528506418485,6.582220590952161,77.5
216,871f16892ffffff,0.62823975,52.48697340091789,6.684159337735429,62.8
217,871f16893ffffff,0.7314527,52.49104017899468,6.718122140470867,73.1
218,871f16896ffffff,0.26528516,52.50172644467781,6.66421464032676,26.5
219,871f16c00ffffff,0.68811506,52.38694951674476,6.4249467870387935,68.8
220,871f16c01ffffff,0.7241819,52.391083278358494,6.458789408774328,72.4
221,871f16c02ffffff,0.47509345,52.36807824189711,6.411052553790237,47.5
222,871f16c03ffffff,0.6077096,52.3722150403409,6.444881778627864,60.8
223,871f16c04ffffff,0.56887114,52.40167562254504,6.405005278957959,56.9
224,871f16c05ffffff,0.88025874,52.40581542111492,6.438850146520716,88.0
225,871f16c06ffffff,0.55127215,52.382806682791205,6.391115324307749,55.1
226,871f16c08ffffff,0.5567381,52.38046140805836,6.512573637798731,55.7
227,871f16c09ffffff,0.72055507,52.38457096062972,6.546436235858415,72.1
228,871f16c0affffff,0.5532835,52.36159388289876,6.498648356584981,55.3
229,871f16c0bffffff,0.6897456,52.36570648794219,6.532497569024589,69.0
230,871f16c0cffffff,0.6427007,52.39520795926626,6.492643171410234,64.3
231,871f16c0dffffff,0.5803741,52.39932355111313,6.5265080567993765,58.0
232,871f16c0effffff,0.5602949,52.37634276518023,6.47872214600247,56.0
233,871f16c10ffffff,0.14609002,52.34505271416662,6.363362767369073,14.6
234,871f16c11ffffff,0.28309387,52.34920160191632,6.397167439424728,28.3
235,871f16c12ffffff,0.15573251,52.326167695990186,6.349500150383629,15.6
236,871f16c13ffffff,0.31020236,52.33031960215149,6.383291436597363,31.0
237,871f16c14ffffff,0.18251346,52.35977745767904,6.3434276039719535,18.3
238,871f16c15ffffff,0.34294394,52.3639323782168,6.37723448956184,34.3
239,871f16c16ffffff,0.045037374,52.34089477666459,6.329569275510675,4.5
240,871f16c18ffffff,0.45328885,52.33859625301331,6.450907482343895,45.3
241,871f16c19ffffff,0.5708689,52.34272098098202,6.484732205816146,57.1
242,871f16c1affffff,0.48425114,52.3197149456335,6.437013829412422,48.4
243,871f16c1bffffff,0.5616607,52.32384270766062,6.470825178155542,56.2
244,871f16c1cffffff,0.44392616,52.35334143153288,6.430983273680113,44.4
245,871f16c1dffffff,0.4239352,52.35747219464653,6.464810252094674,42.4
246,871f16c20ffffff,0.47884035,52.43525459012449,6.39895205345431,47.9
247,871f16c21ffffff,0.7753588,52.43939738623552,6.432812577403033,77.5
248,871f16c22ffffff,0.3866368,52.41639335643596,6.385057256023176,38.7
249,871f16c23ffffff,0.6793316,52.42053919213823,6.418904360869089,67.9
250,871f16c28ffffff,0.75874555,52.42880362065159,6.486632074066032,75.9
251,871f16c29ffffff,0.64016265,52.43292219672637,6.520512646124477,64.0
252,871f16c2affffff,0.77300996,52.40994614024178,6.472706171468854,77.3
253,871f16c2bffffff,0.630658,52.414067771561214,6.506573335666347,63.1
254,871f16c2cffffff,0.830639,52.4435310970692,6.466684273612506,83.1
255,871f16c2dffffff,0.78205246,52.44765571425354,6.500567123925942,78.2
256,871f16c2effffff,0.83544886,52.42467594966803,6.452762639591616,83.5
257,871f16c33ffffff,0.34505174,52.37865478487513,6.35729503864219,34.5
258,871f16c40ffffff,0.87757236,52.415694861187085,6.662078461440465,87.8
259,871f16c41ffffff,0.81017834,52.41976488280033,6.695998686884089,81.0
260,871f16c42ffffff,0.81065756,52.39684499321717,6.648090485391038,81.1
261,871f16c43ffffff,0.6975387,52.40091810133208,6.681997326062994,69.8
262,871f16c44ffffff,0.8520517,52.4304632518719,6.642153020724045,85.2
263,871f16c45ffffff,0.8105276,52.434539319083626,6.676075607622408,81.1
264,871f16c46ffffff,0.9335364,52.41161570890775,6.628169267369684,93.4
265,871f16c48ffffff,0.82789195,52.40903691369071,6.749844033476267,82.8
266,871f16c49ffffff,0.785091,52.4130826013913,6.783783863343653,78.5
267,871f16c4affffff,0.8649198,52.39019090478714,6.735825090113049,86.5
268,871f16c4bffffff,0.87827,52.39423969459225,6.769751547055901,87.8
269,871f16c4cffffff,0.81591946,52.42382576546068,6.729929925295778,81.6
270,871f16c4dffffff,0.87686056,52.42787750089278,6.763872158227816,87.7
271,871f16c4effffff,0.7661011,52.40498207758237,6.715915181563284,76.6
272,871f16c50ffffff,0.7029752,52.37390441506943,6.600229245031404,70.3
273,871f16c51ffffff,0.8159834,52.37798972051489,6.634111672131275,81.6
274,871f16c52ffffff,0.71128666,52.355040674883,6.58627296136465,71.1
275,871f16c53ffffff,0.8807492,52.359129048426,6.62014201432352,88.1
276,871f16c54ffffff,0.8263636,52.38867141456008,6.580309921980251,82.6
277,871f16c55ffffff,0.794029,52.392762761526434,6.61419467792016,79.4
278,871f16c56ffffff,0.744714,52.3698100014407,6.566357871244145,74.5
279,871f16c58ffffff,0.83175987,52.367278459034615,6.6879132123734015,83.2
280,871f16c59ffffff,0.8831222,52.37133947952632,6.721815320804074,88.3
281,871f16c5affffff,0.89219004,52.34841853905946,6.673925972250793,89.2
282,871f16c5bffffff,0.6990492,52.35248264325725,6.70781471822067,69.9
283,871f16c5cffffff,0.8602248,52.382065909474896,6.668005134245795,86.0
284,871f16c5dffffff,0.8419525,52.38613297365875,6.701909613034231,84.2
285,871f16c5effffff,0.95636755,52.36320831257408,6.654022104096037,95.6
286,871f16c60ffffff,0.60840446,52.4640630794531,6.636209701576192,60.8
287,871f16c61ffffff,0.6975761,52.46814210320655,6.670148048549716,69.8
288,871f16c62ffffff,0.6949793,52.44522327204197,6.622221005478618,69.5
289,871f16c63ffffff,0.6996514,52.44930538508214,6.656145945332548,70.0
290,871f16c64ffffff,0.401312,52.47881240086103,6.616266877922531,40.1
291,871f16c65ffffff,0.5048598,52.48289747210602,6.65020757740348,50.5
292,871f16c66ffffff,0.4945584,52.45997492036007,6.602282417276372,49.5
293,871f16c68ffffff,0.82341844,52.457442193212906,6.724028944909861,82.3
294,871f16c69ffffff,0.7108939,52.46149687172628,6.757986967738038,71.1
295,871f16c6affffff,0.756308,52.438606248539166,6.710009224050733,75.6
296,871f16c6bffffff,0.8736117,52.44266403195372,6.7439538515721535,87.4
297,871f16c6cffffff,0.85235286,52.47221198331648,6.704097439781594,85.2
298,871f16c6dffffff,0.7747569,52.47627271149057,6.738057856813574,77.5
299,871f16c6effffff,0.8803246,52.45337836157059,6.690081931285013,88.0
300,871f16c70ffffff,0.7034845,52.42228373737666,6.574341009050373,70.3
301,871f16c71ffffff,0.8108402,52.4263780552003,6.608241481749677,81.1
302,871f16c72ffffff,0.84858173,52.40343004555537,6.56038404675158,84.9
303,871f16c73ffffff,0.8086155,52.40752743426062,6.5942711230337325,80.9
304,871f16c74ffffff,0.5462471,52.43703166954113,6.554404337555948,54.6
305,871f16c75ffffff,0.6228501,52.44113203075588,6.588307130106347,62.3
306,871f16c76ffffff,0.69272155,52.4181803067201,6.540451620934232,69.3
307,871f16c81ffffff,0.38830918,52.25889301300392,6.361627370069703,38.8
308,871f16c85ffffff,0.26761833,52.27364149771444,6.3417180239754085,26.8
309,871f16c88ffffff,0.58563507,52.24827600754331,6.415288152047801,58.6
310,871f16c89ffffff,0.73897105,52.2524068085946,6.449057182546042,73.9
311,871f16c8affffff,0.5688723,52.22937095765144,6.401426630064226,56.9
312,871f16c8bffffff,0.54138464,52.233504771562345,6.435182318877983,54.1
313,871f16c8cffffff,0.5347853,52.26303888261474,6.39538749823718,53.5
314,871f16c8dffffff,0.73772126,52.267175712864,6.429158760536002,73.8
315,871f16c8effffff,0.42238122,52.24413616587256,6.381530239312919,42.2
316,871f16ca1ffffff,0.18702413,52.30727732904175,6.335646631265003,18.7
317,871f16ca3ffffff,0.16745664,52.2883816186803,6.321802202678168,16.7
318,871f16ca8ffffff,0.50665605,52.2966884338761,6.389342436615975,50.7
319,871f16ca9ffffff,0.6940563,52.30082827786475,6.423129285967954,69.4
320,871f16caaffffff,0.441342,52.27779339543997,6.3754803590767,44.1
321,871f16cabffffff,0.64229,52.281936255069446,6.409253844683421,64.2
322,871f16cacffffff,0.307837,52.3114322479564,6.369424537968584,30.8
323,871f16cadffffff,0.4427785,52.31557812294472,6.403213610010135,44.3
324,871f16caeffffff,0.30402935,52.29253954468963,6.355566736204205,30.4
325,871f16cc0ffffff,0.88972205,52.283632473286495,6.564354791044347,89.0
326,871f16cc1ffffff,0.76668483,52.28772398160656,6.598181453626003,76.7
327,871f16cc2ffffff,0.8985478,52.26474488461791,6.550430800616414,89.9
328,871f16cc3ffffff,0.7575951,52.26883943983341,6.584244121950285,75.8
329,871f16cc4ffffff,0.91660184,52.29841714548129,6.544458932387986,91.7
330,871f16cc5ffffff,0.8535973,52.30251468936884,6.578287900315081,85.4
331,871f16cc6ffffff,0.91304684,52.27953188393506,6.5305391723271,91.3
332,871f16cc8ffffff,0.8795779,52.27700129524633,6.651903828749451,88.0
333,871f16cc9ffffff,0.8736718,52.28106857887335,6.685750177787621,87.4
334,871f16ccaffffff,0.8005256,52.25811748433865,6.637948950044606,80.1
335,871f16ccbffffff,0.8387014,52.26218783046373,6.671781969383872,83.9
336,871f16cccffffff,0.7731657,52.29180640059488,6.632019141890626,77.3
337,871f16ccdffffff,0.9081284,52.29587972196255,6.665867837614175,90.8
338,871f16cceffffff,0.7814812,52.27292491280652,6.6180684707253965,78.1
339,871f16cd0ffffff,0.8884546,52.24174526543733,6.502726982719938,88.8
340,871f16cd1ffffff,0.8699536,52.24585192873735,6.536515921725143,87.0
341,871f16cd2ffffff,0.8175596,52.22284391924023,6.488834538564699,81.8
342,871f16cd3ffffff,0.8237332,52.22695361102399,6.522610147069742,82.4
343,871f16cd4ffffff,0.79135484,52.25652856067947,6.482837312828536,79.1
344,871f16cd5ffffff,0.8398974,52.260641255462126,6.516628524873461,84.0
345,871f16cd6ffffff,0.7833899,52.23762954360349,6.46894910909328,78.3
346,871f16cd8ffffff,0.9215362,52.235145807012685,6.590194492996087,92.2
347,871f16cd9ffffff,0.9046525,52.23922829461718,6.624003194202131,90.5
348,871f16cdaffffff,0.88881963,52.21624819976836,6.576271171839974,88.9
349,871f16cdbffffff,0.865897,52.22033373146438,6.610066553929737,86.6
350,871f16cdcffffff,0.80713946,52.24994952518839,6.570315908033423,80.7
351,871f16cddffffff,0.8085174,52.25403804648637,6.604126923526761,80.9
352,871f16cdeffffff,0.7975268,52.231054243050096,6.55639680457566,79.8
353,871f16ce0ffffff,0.80781937,52.33207101633711,6.538481191369712,80.8
354,871f16ce1ffffff,0.82368875,52.3361715463182,6.572325819586461,82.4
355,871f16ce2ffffff,0.86147135,52.31319345506071,6.524556547567495,86.1
356,871f16ce3ffffff,0.88377696,52.31729703473077,6.558387812368557,88.4
357,871f16ce4ffffff,0.6791885,52.34683663283997,6.518568038909179,67.9
358,871f16ce5ffffff,0.7408886,52.3509432002492,6.552414963485489,74.1
359,871f16ce6ffffff,0.70605296,52.327961400675065,6.504647638176534,70.6
360,871f16ce8ffffff,0.6943023,52.32547692504639,6.626083499479262,69.4
361,871f16ce9ffffff,0.72818685,52.3295532190876,6.65994788534163,72.8
362,871f16ceaffffff,0.6839733,52.30660314513393,6.612127910365599,68.4
363,871f16cebffffff,0.74789083,52.31068250447813,6.645978944326356,74.8
364,871f16cecffffff,0.77325267,52.34026298230103,6.606181504635425,77.3
365,871f16cedffffff,0.91000426,52.344345315979645,6.6400482282825175,91.0
366,871f16ceeffffff,0.7422434,52.32139152749528,6.592230135739914,74.2
367,871f16cf0ffffff,0.7835434,52.2901948265889,6.476834195543413,78.4
368,871f16cf1ffffff,0.73293215,52.29431052178099,6.5106410247548245,73.3
369,871f16cf2ffffff,0.84194344,52.27130349539538,6.462941138998161,84.2
370,871f16cf3ffffff,0.7975821,52.275422221863735,6.4967346156129855,79.8
371,871f16cf4ffffff,0.72161114,52.30495906829172,6.456927266271796,72.2
372,871f16cf5ffffff,0.6716521,52.309080796804224,6.4907363594963146,67.2
373,871f16cf6ffffff,0.83043444,52.28607006823728,6.443038462838846,83.0
374,871f16d42ffffff,0.35107598,52.5000641990838,6.508504095065364,35.1
375,871f16d50ffffff,0.61111414,52.47709762662477,6.460656443814187,61.1
376,871f16d51ffffff,0.6299413,52.48122522710008,6.49455499397496,63.0
377,871f16d52ffffff,0.5804634,52.4582501995063,6.446729935927168,58.0
378,871f16d53ffffff,0.80675447,52.462380857988336,6.480615055949693,80.7
379,871f16d58ffffff,0.60732615,52.47061486433652,6.548418735088033,60.7
380,871f16d59ffffff,0.3997678,52.47471819549626,6.582337257696932,40.0
381,871f16d5affffff,0.60111123,52.45177122942787,6.534461110143591,60.1
382,871f16d5bffffff,0.4760407,52.45587763424273,6.56836621402242,47.6
383,871f16d5cffffff,0.5553531,52.48534371972014,6.5284646949006895,55.5
384,871f16d5dffffff,0.5179224,52.48945309612791,6.562385528327417,51.8
385,871f16d5effffff,0.7670293,52.46650241571804,6.514511328413942,76.7
