hex_address,latitude,longitude,value
89f17137607ffff,412113.3887650276,55483.113409907484,146
897521882cfffff,453051.1714846387,102418.97811998377,198
89de1ece90fffff,442025.66513408074,87071.9232911366,400
89f212c2bcbffff,422556.94956255815,58527.86203501903,16
89032489367ffff,433171.33733453095,103904.28279151053,504
8999b30916fffff,457188.9970054966,127423.0151249129,794
89ecaba35cbffff,420367.0089225546,94276.47747757396,837
89005624443ffff,431364.2508793979,109464.64356878167,181
894e068d26fffff,478100.1941982488,69993.2895535689,402
89f14826183ffff,436221.99100971303,94157.55088594978,169
8917065988bffff,411180.65286520775,66031.70631403726,355
89f162054c7ffff,425792.6834471004,84990.19809916822,322
895db362443ffff,441376.04576893174,129798.59505842671,789
895d762c4b3ffff,423519.49677030137,65192.225026624656,772
8964aa8e1cfffff,478096.06712186727,127536.97984293193,480
89c5868c03bffff,406765.86272589857,109396.03539560802,124
8900daa4c2bffff,412284.20128101466,96595.77813838643,318
89eac0849c3ffff,416090.5218818458,128343.10538917326,80
89e91514ccfffff,426171.4564269629,80172.42736751592,252
8910214e6b7ffff,439678.06722383207,95982.0469152226,574
89986a0066fffff,420315.8622472987,128342.09100147468,999
8923940e9d7ffff,451482.961544862,102805.15595099705,140
8986ab5732bffff,444238.46646828356,77484.06543105641,932
8903220f267ffff,455488.97511531657,89876.85604850654,144
8901ac359c3ffff,457633.3720278915,97601.66071025457,982
892f09cd4afffff,462994.02025397157,127225.55352949272,592
891096db5b3ffff,438528.67102946277,94726.46785976949,522
89649e0e85bffff,453620.92701990367,123578.04848207452,687
89f2aed881bffff,407424.84973604686,60153.967755636346,510
89978509ec3ffff,428954.318413669,128736.95459247037,615
891482d13a7ffff,415127.3803876418,83647.78707522864,324
8984d4cd377ffff,438107.695451357,127865.8880189324,762
891a0645ebbffff,465249.7150716416,68533.43140055613,465
898241c8523ffff,454675.868305531,46442.17264510939,173
894d6b79b57ffff,427339.22919784946,129898.88921656493,739
89394db105bffff,476418.08011106704,48427.25389913707,721
8923285a0bbffff,428182.88969669037,130332.40845536123,580
894a0284a07ffff,424956.5752128119,121629.87576594215,884
895b4cad0afffff,425331.87118563656,50025.9524657817,783
89a22dd130fffff,410956.89758602343,78351.76303585211,973
8922e531867ffff,472810.1965800065,92887.87724456322,972
89ea8642943ffff,471481.7873182139,100797.8212914756,37
89f19161373ffff,461413.92181006353,116924.97392735406,8
89383650d87ffff,460473.64836527454,60114.54488886679,693
891c2bcb58fffff,422328.7439896123,99938.18014047903,436
897db686547ffff,422107.27155570756,121847.03724898353,135
89076d476a7ffff,415501.57610472623,48224.87661773218,609
8903992b01bffff,418422.92476817063,104441.92578943179,494
8969ab92c0bffff,408411.8397189675,101812.02968529073,236
89f203c869bffff,473320.04569923796,80501.01501728478,599
8932537421bffff,464438.0121542274,56680.985703432714,214
89f21a288cfffff,409581.99590328505,82135.73174684566,140
89daa532b2fffff,468228.6878045872,53991.64578106937,547
89eacd8d00bffff,479771.86837819644,120966.2446446365,157
89a30930037ffff,408434.3900181406,107869.76703019993,705
890a5dd1c7bffff,469548.6512955609,110082.22491755978,454
89806c7954fffff,478798.3868580208,46388.24290854662,605
89cb09c7227ffff,453205.6684965142,61254.34270496083,237
8926c21a3a3ffff,458424.3668376274,127879.83368078337,618
89791905a03ffff,480055.8090121581,111644.92740892745,423
89e41e102c3ffff,466142.41209470906,96940.82026142275,390
897acc8dcdbffff,415253.488904818,72939.45401633455,565
89b45a0305bffff,429321.466251481,90376.277304332,910
89e52041377ffff,456415.9398668866,90845.19299710947,381
89110e0eec7ffff,480358.3383958433,90214.55617372191,728
899e8419d9bffff,424069.53177327994,84048.71931546944,453
89604c040afffff,479167.6316007351,129666.47321254009,355
8916cc6b54fffff,424211.90919558844,91073.23932321125,604
89a14b6e5cbffff,407721.5354579137,82835.13929465579,598
89d26b4f18bffff,463282.1335971025,50641.967847913176,184
89596dd63cfffff,454835.60194810334,106032.241215989,722
891eb54ee5bffff,419176.6896843036,108549.53117578314,10
892d7652237ffff,420975.50499563327,110376.35520955067,638
8922a24dc6bffff,477851.3958609314,63741.414758178886,296
89a925a2ab3ffff,476246.45367732213,107227.26006175193,601
89ec926184fffff,446700.4117762347,58813.25529935371,704
89648d6237bffff,440657.2994539854,123934.64989110187,554
89ac6d0692bffff,424774.32872465794,60118.61732917463,846
89d80264babffff,475428.7924599404,85995.64253925803,962
89e894215afffff,436569.73739879037,127191.221847481,769
896d1ea4903ffff,407327.0775605387,48323.96766569868,980
89b5b299063ffff,439888.07741183636,110736.14955482457,971
89ef23c5537ffff,473675.8861719341,124857.7368407907,259
89c42653383ffff,439056.10000394954,88703.48255500446,335
897634d1ba7ffff,454137.7089760603,64054.72350173991,797
8961a360d73ffff,420648.2674685266,62182.54657555545,695
898c938c6cfffff,412378.6607170781,74448.51154166562,785
8910b0ac9a7ffff,428528.1562647753,61425.09086912888,379
89f01c2a27bffff,472937.12955049536,71170.16157766464,476
89cf11ca923ffff,430148.39730733825,98565.48346762554,445
89f29089207ffff,473671.056680378,96983.66581506806,496
89f056d004fffff,482657.1809409461,58554.15547176523,720
890785373c7ffff,430275.9882670284,52536.12321488245,756
896d6c45bb3ffff,437411.59206720814,89914.4255796267,433
89977061697ffff,462579.17372442613,70587.33350524443,291
89dce3c5317ffff,420709.64333107125,48041.27431992808,664
89eef0a401bffff,474729.26983723894,121472.53799955582,635
89d865129c7ffff,426186.5648712847,54122.61470121138,105
8958d4d0b2bffff,434692.8017144588,59227.74098941662,129
89e5300156fffff,466801.4550715062,119464.83078668275,373
893b6d4c6b3ffff,408024.3304393476,51981.31769921628,5
890e036d967ffff,476761.1899900917,76420.98853751103,729
89d98219a43ffff,444468.54344516224,123448.11988909465,173
892c93d5487ffff,432511.0639664532,110027.32140367893,834
8913a415397ffff,453355.354840496,56925.22941943889,37
89842e32c5bffff,418502.93990943016,56405.04919494408,871
89c90b29237ffff,443383.051250343,55734.11221747646,577
8915a88c003ffff,456966.3841131824,75897.6276714076,355
891fa691637ffff,444009.3510886221,81903.71236470563,962
899949911a3ffff,446749.21362893295,79561.50533276013,268
89c04416e57ffff,413135.86524995585,91618.73790280873,769
89356585397ffff,474520.63251550647,65147.40529145516,828
8906eb85c37ffff,442917.0629600778,86175.72262498936,871
89030555e87ffff,415167.4121533736,43822.865085378035,547
89dd0ed0593ffff,463201.6751382238,48403.73296990766,559
89399659803ffff,429991.4680573168,97367.15642624095,737
89ea23a6603ffff,430085.4105599328,57254.0374640564,811
893c628cbafffff,430592.42496788106,113852.78123766149,667
89dc88b69c3ffff,477310.9805128911,53988.996476455766,604
89042815127ffff,415542.3486888421,50732.85220416327,802
891fab083bbffff,454450.8799096956,90190.72256713014,669
8904406524fffff,423105.1063631637,92518.09258708096,509
89052a8120bffff,431360.6488031664,130072.08269850843,682
8900ce77087ffff,406893.3677788208,60039.44098598412,954
89edb3055afffff,442379.74732093664,119673.34170272993,882
8930ee9690fffff,481102.47156277904,80228.14656376764,741
8910b4b4e2fffff,446812.21010081173,64483.06040936788,365
89e946d8537ffff,449881.26897304563,100155.61363242814,780
89e6a96a4a3ffff,420420.4999430052,108379.75028005714,544
8908a4cf093ffff,473879.6690586557,88750.87840059305,150
89375660547ffff,439237.4059068275,56734.9535065386,278
8973acbb187ffff,455933.2019913621,65471.135219554635,1000
893ba399097ffff,473434.9132882747,116222.61181732015,278
89b791ce92fffff,474332.53289949236,59855.6041286423,931
89f0220d877ffff,421119.25024654594,63079.888916746975,828
890f64d314bffff,409077.095313703,48726.93114031966,977
8902d9b25abffff,458751.5272105442,58034.46685096189,47
892464ccd97ffff,436810.95399627683,61489.87577629683,977
891b20296bbffff,458759.6661132352,91935.55102123207,279
8933b6c6c13ffff,456267.7765996307,80283.92752274711,249
89628e92b2bffff,433255.07120154804,95996.76805026518,986
89ed863b02bffff,474778.68328579515,82952.78250650404,43
8934b5ae4dbffff,457346.382105156,107424.84364246341,556
8913a630c77ffff,429956.3311518219,46844.70625132998,43
890d4bb0e8bffff,478916.47417808534,97960.45424432636,927
89f16e0b577ffff,483025.72651510115,89828.64772726811,187
8952748ddb7ffff,450020.4195786786,65928.3957723121,476
89364b1620fffff,433591.88860235375,75643.71391280027,935
895235a8993ffff,473198.60840331635,101742.16667377677,262
89d95921a63ffff,466433.3150263629,129905.76159188904,53
89ce4c70dd7ffff,477579.29735291476,68850.37222119168,293
89f2b57701bffff,413185.8714266968,95761.5261437279,777
8901757404fffff,409785.2623241102,109990.01638240284,16
89d776a29d7ffff,481554.3685942953,124409.92831215222,344
890b1114147ffff,413340.9358354397,74956.86578183773,807
89e0b06c187ffff,441667.66099198797,63071.56887977701,567
89ef2016d33ffff,470064.5709054416,83987.79627075224,737
89ef2dc815bffff,451358.26106745156,129164.94336662468,311
89f1624e557ffff,418232.78270469944,48279.8228929057,171
890eeb3a877ffff,460490.8777605729,96401.26066076328,332
89176816367ffff,467703.4624174969,48057.34343809133,764
89d8a802bcfffff,440865.4314198036,109037.31105046428,373
897d1a4eb0fffff,420475.0987199663,125260.70731957717,112
89f1763526bffff,456033.27397259534,68121.331196161,742
89032621c0bffff,414449.93888154277,93863.99827458411,499
892d45ca877ffff,418812.25218300335,122260.04090725794,93
89162bb933bffff,415563.60857018846,102588.73755591264,862
8948c40dd53ffff,434668.25932252186,93672.27824341191,293
89a1710502bffff,425133.91702088073,82659.73809843004,647
893ea384e33ffff,481343.5683413218,70578.49331672983,373
890e2d5431bffff,429899.60831959284,117650.56129174939,321
89c54c8186bffff,414683.256146519,70174.64813378372,588
89eb0d88c3bffff,450964.8621009655,112702.38333780019,497
89d72a75e7bffff,422515.3104297468,61053.570692239664,718
89f2c119b63ffff,440178.93051165144,107722.41606635752,194
89dd2024853ffff,463205.27707768173,126163.07166687351,511
8986811266bffff,481140.5352975455,108625.32685997395,88
89205ba354bffff,418366.1428232915,61646.43722963056,555
896ad299d33ffff,442981.59034113365,95966.50455497841,13
89b140454b3ffff,483093.0651642567,69714.86394381424,780
89902b6d427ffff,411308.36996412365,100857.72161675613,8
891ac4c8e53ffff,460483.78563861543,92475.66137699535,783
8901401890bffff,420556.78152275516,91805.45021890651,212
89b96e9a6c3ffff,411441.112755973,120724.32697165926,267
890f83315c7ffff,466265.4387566264,129150.69998396297,588
89bc4d2f0afffff,407487.2580206714,91098.77410212354,259
89a3684e10fffff,470711.4089875432,62874.99230183326,797
89a71eb6493ffff,456812.4608535309,44395.397253433206,214
8902a901b3bffff,464505.09219087113,99422.0797899687,63
898c581a023ffff,471231.5229045106,120696.45978135368,612
894c839198fffff,464198.3281076511,69946.7765807588,695
89f01baec93ffff,443055.6615818101,97444.85736358578,791
89e78c300b3ffff,461816.8351758722,90751.76883792505,119
8912b5d9e6bffff,435723.64730100194,99768.15230620693,648
89056342a17ffff,473855.50237904146,93572.61052602026,730
895552add27ffff,415098.6206645577,58670.54056444261,988
89846acb22fffff,416702.5103707952,120852.45781100624,143
8961b23aa43ffff,451605.65095741814,125545.25798131546,836
899d2640c47ffff,437242.8305963297,80613.38984943814,853
893131ae96bffff,465614.19640401064,85619.29200352848,540
893cb2a5b23ffff,422079.72907236713,80901.1410093297,727
8937964b40bffff,457234.9281462609,127638.4357537561,276
89bfa980a0bffff,477215.45672938845,74140.56432086861,197
891edbd1ecbffff,449678.4845986627,119184.34257240871,60
89a4d04a4cbffff,408211.3188885289,102568.2615694337,988
89a84bb9a73ffff,482743.5914209633,46021.242144696116,723
89cc03b4dd3ffff,424663.244003198,102861.06123818876,159
89691ccccc3ffff,443688.3870332949,69412.29266948556,789
89264ea2c1bffff,479916.48918290046,63631.568627732544,835
89e18b98677ffff,455997.3166083533,115809.25937893038,944
890a19349cfffff,429234.71512175055,111157.6440864012,445
89552879497ffff,412943.8950848153,52911.26006077819,284
89f14e4326bffff,429023.2871600988,72210.65055303049,597
89a80391d5bffff,408216.51830747654,59350.104552438366,818
89ef3124c7bffff,462504.22812361503,99852.84297258843,61
895768a75dbffff,414018.624241324,75216.28348559202,436
892729b02cfffff,431049.8901790692,77491.05070928048,746
89e6206d36fffff,430086.4663195388,112163.43302789502,436
89b64ba25a7ffff,450340.10646583437,46697.63137836512,878
89ee22523c3ffff,430842.5469058874,50005.106662122445,902
89c6b2b7233ffff,469397.031971986,84115.5483272961,501
890c4455d6bffff,460861.10025836295,92012.95373404522,319
89f2919454bffff,427588.68970589485,93994.92096918289,215
89e0c114c4fffff,456427.53122417576,110573.95693885273,748
89a11899387ffff,414563.8582316796,90046.57410808581,713
890355811bbffff,455137.7886480574,66708.97096905294,760
892e0a8de4fffff,432760.606966799,56300.573997587024,23
89be2878c47ffff,480563.5260956209,98791.85262112645,246
89138911027ffff,477840.6577990316,75293.36875788159,459
89254861aafffff,421329.60091529257,46010.41684903585,142
899359ad5b3ffff,469631.54134200193,107721.9033596309,923
8950169a8c3ffff,442459.88298757176,129833.52408317965,903
89f121b9983ffff,430825.6016322045,96804.81251626187,662
89110243497ffff,413400.60956060427,86252.14696860909,900
896a084c12fffff,443526.0697394508,130348.67543885611,635
8969a22550fffff,468367.613709918,56988.79509811588,294
89a3444adafffff,455232.69916822563,116872.25522676426,539
89f28074a0bffff,444507.03164455044,64487.75255567285,36
89f38d0f253ffff,461078.93973374134,50594.47142464343,9
89366b392c3ffff,416910.4601562192,79424.31921852927,413
89c860d1637ffff,444913.69426544226,122865.19781829893,403
89bd050b177ffff,407119.43146433914,48996.31181593953,99
89034e0164bffff,472780.8228423877,91915.69091680608,686
89f14914e47ffff,454581.5766099323,105673.63216680873,766
897940a512fffff,459364.9398230512,44511.670419784685,860
89d38a54c2fffff,448511.12780545925,62900.12266046572,21
89202c46667ffff,407569.27469173743,54431.6964083421,467
89edac6ec73ffff,444895.584363453,123636.89625400568,313
89c8909b023ffff,413850.95019439963,74809.44112949088,913
89c53562987ffff,422250.548131163,128483.55099518788,123
89022091503ffff,407617.5248626346,82159.90690129541,557
89bc980d5c7ffff,427524.36742038146,68616.58074273857,893
89ed692309bffff,480162.9894335704,70736.08770363653,242
89b5258b54bffff,479020.35929906357,117383.30320986164,304
89e17050a53ffff,468246.390921015,78717.61145906417,456
89efb2228afffff,466818.49468593945,58153.25055241102,225
890f338047bffff,431750.06579418055,55910.14497438983,289
89f22359973ffff,436241.8035262079,75092.42981992709,546
89ab2aa20cbffff,430396.5413031775,61447.943286120295,954
89496a86bdbffff,449799.72421123594,47941.4472171643,810
8958e479443ffff,446568.9833153538,73629.25081077544,36
897366c9ea7ffff,482205.23827415117,52518.164239789134,77
89c61283537ffff,432221.23083772755,82488.44257585338,118
89279a669c7ffff,441044.4774636573,105730.77335855676,546
8999252a20fffff,427144.5776021676,85852.39192464307,679
897af2d131bffff,462966.09687462426,61605.23580838919,111
8972c8ab50bffff,434517.8680222841,46586.35809041302,949
89160da352bffff,462655.5623013096,71449.89479559902,100
894f5c3692bffff,470684.86740459374,106888.23580791257,434
89689676e2bffff,444957.4985517956,127912.33264144536,751
89266d73547ffff,420158.13455286575,60754.848783928865,504
89470a8ae27ffff,474629.3644349925,81010.38004340019,553
89023028e9bffff,434240.6485397233,96361.64391833558,870
89ee6159c33ffff,423290.09067427507,85261.30028151922,663
8976ebd00afffff,438663.4261243974,105824.64212770475,372
89354cbae6fffff,420155.97889344115,128146.19788876601,202
89a2604080bffff,473743.11928585265,70976.5481341613,331
89e6ced255bffff,463262.1345236462,129249.00074723453,446
890d6e00e5bffff,420592.82355759747,104803.90729815254,269
8921b32f36bffff,426640.5562902616,88259.88768942773,206
89d8e9140c3ffff,481545.008778504,48185.10844573596,785
89e356a1523ffff,407760.587710267,105515.9076267503,76
890f44b9c9bffff,470940.8409485119,64021.493748608875,400
89f23577587ffff,481961.21229433606,120804.81607257576,887
890541803cfffff,443976.72244108695,124906.72183564863,194
891b24b6a63ffff,454742.0681725461,125956.33003179189,458
89b960904c7ffff,465079.97329362266,97326.04999626399,448
89618eca403ffff,428566.2548210975,84140.8215835027,613
898234d766fffff,478267.28541254054,99552.94568235372,592
89052ea56c3ffff,478898.8449212248,59327.52021717797,607
89c5a5b1873ffff,478408.09426888276,76279.67148952791,346
89b15cc138bffff,449253.68321317766,47396.43534992264,535
894a28d51abffff,465506.38368222857,100211.83234665758,448
89162b8b58bffff,427083.50412226905,54348.1453629372,76
890352962afffff,409402.07714279264,96754.7241751531,770
89339265d2fffff,453382.8758052719,66602.96063418515,487
8976ad26e73ffff,407703.1648204186,83498.56174221367,295
89da224266bffff,466433.4780834058,86391.61488683504,570
890303af217ffff,450805.74529339676,84135.33639564252,71
89325956bdbffff,427822.41748716286,107617.07001710607,516
8939048ee8bffff,478480.75402042235,88552.24803501222,517
89dd34cf047ffff,468245.8427557494,104212.61723672811,589
89e588c3357ffff,419703.7586364478,108110.55755304173,667
893483323c7ffff,465869.3822852212,73405.81650686833,669
89f12ac580fffff,436594.67854377214,87957.0814860328,118
89025044d1bffff,437145.48671385134,68846.60811338964,862
89e1248eb33ffff,476889.90394272626,109692.31597863224,206
89bc682456bffff,421414.7468253095,59239.683901245546,114
8994a612157ffff,455744.619300992,120359.82884466705,300
89e7352ebd7ffff,460369.91375735623,108042.64456748797,931
891183a8647ffff,482525.7372374292,118658.54570521846,131
89414441397ffff,418339.12352993595,120707.77729362165,130
89999cc061bffff,417227.0364900406,115904.12306721834,600
890c00ce91bffff,437155.42233370757,125660.6696957277,860
89baa52f467ffff,447447.18857196777,103864.69473658066,410
89eaad565d7ffff,429004.50847452093,44283.39834693264,254
89ced56314bffff,430777.0751457576,44383.27825168441,659
890d23a9927ffff,447226.5652522586,56548.70312729264,103
890632a9d23ffff,424187.3575295236,120030.62173281636,53
89509a3b5abffff,477871.75767400634,65578.16786634753,826
89ee837a857ffff,422169.1508536806,104929.13542239141,744
89e9a84686fffff,450609.7508949181,116003.20735451364,178
89af03cc593ffff,426081.1790421215,76229.1884260377,442
8945b382017ffff,437201.47936426237,113501.33915346143,876
890791d0d33ffff,432438.9382086277,81327.28067369251,821
898bad34867ffff,460992.5658061821,98759.30094188167,430
89731478a23ffff,415448.8658954189,66730.0160559072,805
8907a1a845bffff,433155.490787072,54703.37654920435,988
895ce64317bffff,426771.5376687724,93269.49517583812,650
89206298123ffff,454088.90010314627,114739.42698359737,13
890ed661aa3ffff,411606.2912734884,54449.96417203746,218
89e54bd8093ffff,471171.487778345,58054.79886482006,703
89ed922564bffff,451740.7426491269,114988.03752458241,267
89030605023ffff,467007.11181038537,106791.12069821835,261
895700aeba3ffff,475942.53872325603,107965.92204554974,632
89951669533ffff,438668.25730281876,51416.97138931534,953
894200432d3ffff,425314.12076796277,104282.75557715098,712
89bc23cda1bffff,413244.3905342601,123872.72155483524,138
89168992593ffff,465528.4155916172,80803.59678329199,125
89c384685a3ffff,463544.3601106188,125406.53462872891,277
89db20d6503ffff,462118.0693113556,101162.3856438961,649
89032458e17ffff,435689.13847555866,65940.89111411992,217
89788554a93ffff,423715.6737325605,80500.03875934289,22
8905466e3d7ffff,414817.8674805767,49291.013537750034,513
89ee2b6ca83ffff,449927.0384956173,88516.24746932514,561
8956a936193ffff,478091.2736217963,87082.76463985885,450
8902c034ec7ffff,453311.29013581737,47414.45181544108,857
89718c4c08fffff,463326.0206476129,79024.40321831312,803
89ef56225d7ffff,437297.4327719254,85086.37199287247,467
89cf70c1187ffff,475148.48839774245,98915.21078062113,570
89c69408eabffff,416381.9907058391,85017.26366508662,543
89e375d4b63ffff,482640.53248736425,69509.19752345078,386
898135c1083ffff,412755.95736348646,65299.15409364518,327
89b60b055b3ffff,448044.9072483992,110964.34893611146,465
893ce3c0363ffff,435265.267291781,85411.24497441959,906
89f06eba333ffff,435138.13422892685,73644.75615583142,457
89e95341b4bffff,467577.72281700454,74422.56988467481,944
891d940c0c7ffff,435294.2960018559,117925.2272335108,896
89aa73b89cfffff,415417.13995381305,110598.23726777187,91
8903964726fffff,429943.65593290405,72017.72257213315,708
89e5432444bffff,417171.70546006184,67779.95398244869,947
89de09591c7ffff,458227.9591981169,71586.01753370534,11
897e9ad364bffff,469975.0631160523,83159.51593212807,306
89032131213ffff,427052.0905903501,97336.20660923084,648
89199952a93ffff,420894.75430290424,43896.909238345346,339
898859b952bffff,436142.0840746454,121697.82477689319,766
89a2a33a92bffff,465094.75989234477,54406.10778261435,196
8947961238bffff,453265.22077233274,121138.44915571681,871
89eccec4383ffff,421811.30276815896,114421.99581455447,227
89d9336ceb7ffff,440224.2439266121,67105.94062844866,206
8933a84e303ffff,463827.3340496218,126356.47588951135,341
89061a7b53bffff,474910.0202670595,124517.36057140765,406
894a89cacd3ffff,444043.3222582023,49631.15042254621,476
897c74564cfffff,432719.7888424383,69094.21952515387,214
891b40add0fffff,461645.63340890204,129746.60631068255,777
89d39d2053bffff,432670.7456614282,63980.71079948827,985
89f16558a4fffff,473672.2117895999,70909.55370508494,911
897e9b62273ffff,432174.2733746765,93598.12569320369,289
89561536e73ffff,452174.9356707178,119483.79777456653,268
89f31b9755bffff,474017.4778566846,115579.44878143951,698
891f916034fffff,451125.62774974096,77765.84185372133,488
8924741500fffff,482532.7367216075,73007.27779801955,912
8937a6652a3ffff,425198.5311989427,116482.71823307191,181
89c87510a17ffff,474075.25209735485,122145.62733835545,230
89a043a6667ffff,421036.2846477794,110914.95626928909,971
892f5961c33ffff,460474.9222150879,77538.47735664174,943
892149db287ffff,456245.1472474745,70458.22996411304,266
8957a694b23ffff,423877.4208004024,100218.40506941194,924
89e4cca0e23ffff,419997.28209663,116545.0852491969,454
89ca1b9ae37ffff,408196.6489334112,54416.76668729979,535
89de9336ccbffff,459307.04843783536,128844.99064008344,362
89f29ea359bffff,427588.55329137377,64897.90766289178,540
89069a2f357ffff,418068.0439802223,71394.79994835265,586
89035a266cfffff,442878.70245401806,67959.57833541329,58
89009b80227ffff,428142.4659923171,60031.31774883948,664
89e75bb4d53ffff,440931.86858116294,91808.85490216428,512
896b5159207ffff,411491.6271724711,103348.78936831394,144
892f6002b13ffff,452310.46062611294,83482.53143801981,148
89ae6cca6c3ffff,434860.318185164,51581.58572083388,944
890b528f167ffff,452586.4904263862,81440.6072212024,703
894e85d0c4fffff,457586.02008676284,55955.3429152688,606
89ccc8b1483ffff,467601.7076764622,69551.35667241609,675
8918a81a0afffff,436809.37556947954,120401.15475631646,239
891a96ce073ffff,430336.0264241705,66001.23351311914,409
89e2590738bffff,480549.7544440886,98144.05462776401,674
89266879393ffff,462637.8429550737,45993.29877371834,901
892a19c462bffff,474262.3991284805,62027.68246393079,442
892f6cd090fffff,478828.9920705621,89060.81800395783,792
89105905bb3ffff,412315.6487721427,102845.11510457806,65
894ec90c673ffff,482786.92533452477,84022.5647385694,525
89cb8b92b9bffff,467598.6890429454,86089.73320639043,431
89ba8bc242fffff,442773.1870805574,108905.06509512692,617
896940af157ffff,412575.30382175563,73199.94412635488,438
89bec0b5c4fffff,420091.26394883415,61707.352440535615,369
89364ad060fffff,469231.10582976445,126042.04762915726,150
89422208823ffff,452672.8648082516,107880.8307268949,869
891436b66cfffff,438534.3123924449,55560.896561119844,362
89a3801896bffff,445299.4453135016,107321.48560798961,612
8904e86122fffff,463750.1472788885,43729.38732471141,484
892ed950c6bffff,426733.16977908666,62234.17020862072,530
890326285cbffff,445409.87163240433,111088.04405801697,320
892e9220c07ffff,482169.6242337526,67649.12724999123,893
89d6d161063ffff,482716.5215112115,99033.24244859652,161
89d695d1a9bffff,417554.9731780932,50083.86979078024,928
89468a4d477ffff,457216.9110787349,56346.76738348595,8
897c0559c77ffff,411661.26862831064,122558.2032180982,674
894533b0263ffff,415963.624830326,47974.26224680795,861
8970712330fffff,431096.38817935425,123135.9208593641,560
894a63bb187ffff,458432.5408492933,55398.34273730818,640
899b1a51a73ffff,474821.7612873558,120789.01806923076,67
897aa0b5ec7ffff,477363.03914825316,82849.07046936749,873
893b12db1cbffff,437436.22512980615,65463.95470784285,349
89a15e8c44bffff,428377.64172282885,47379.476385603564,915
89e8a5a2177ffff,462892.10537641007,43835.37925393844,904
89178915837ffff,430614.0654052866,115357.21276099686,879
899ce9d9bcfffff,411828.279066124,104897.71219694773,214
89b0f0cf117ffff,467122.4832112223,126067.44179318694,774
8903312e19bffff,454407.9434368011,89508.32406357443,653
898700431c7ffff,441707.5174370761,64890.37341121628,574
89186d79177ffff,475966.2436121865,44641.24971804321,712
89b94946827ffff,416015.22162687854,91741.47827312074,744
89c5488eec7ffff,460657.96195785736,110674.77151169632,102
89a73420437ffff,471928.68408061925,121077.09612078383,359
89030e0cb2bffff,446484.9703142324,59662.39204292747,531
89ef1983647ffff,476179.95843912335,81499.30898035022,845
89eef555aa7ffff,458169.7734718991,82952.09372771927,484
891aec4f4b3ffff,407204.2728356849,126319.56597203681,444
89f0f109337ffff,459286.67838476266,46142.976138441096,157
8956068109bffff,482776.00625868794,96444.41171824349,979
89bc2e80e27ffff,460043.9914184364,67351.01276893976,472
8917307767bffff,433861.36348484596,125068.8523557277,411
8987162da63ffff,409870.05092494894,83432.1608607515,868
89e6ec62203ffff,480899.2447334078,89648.11399226755,920
8987b571357ffff,472673.3874782803,56614.629035910955,968
893e4ab230fffff,470314.2889184103,94174.91397838388,616
8976b4c5e43ffff,447834.8080003624,92672.06723257009,211
89b6aab933bffff,416494.29124504735,59671.695306280235,160
89710c4b517ffff,476291.4381270666,68229.17681968345,900
8938ca55a87ffff,419194.4225998376,98827.25084997018,212
89dc0ab6023ffff,457072.92656432174,130120.53090539914,51
892a4b81087ffff,471388.99225217546,103433.96136065209,217
897718944c3ffff,448735.3375424623,87094.82424378631,789
89026e4932fffff,415905.33002655377,101264.93566482331,265
89ef9e91e33ffff,420403.895637457,51122.927300095864,264
897513c1a5bffff,463492.6192601121,79373.76215819389,793
890209212afffff,443596.08497021976,95305.64936824978,495
8982150d527ffff,406796.20065041527,64811.294171726535,407
89f29c78b6fffff,417511.73874828225,79831.50468416515,513
89023069aa3ffff,442160.4004051602,50999.15081758617,352
892af08656fffff,482543.4417943925,110624.89313992886,311
89ec0b0cc7bffff,431172.3676922861,76280.1564997979,852
89c6d6d60a3ffff,441935.6712782404,75293.38634414085,157
892a63044d7ffff,407665.44103743474,129716.12569809744,244
896151d068fffff,457014.71312843147,64694.423693377365,377
892fa00d187ffff,465878.40926817677,130474.45378149636,974
89e42e6899bffff,435537.66306033346,77502.2755864442,410
89f29cdaa43ffff,430831.4250394231,98524.36158848704,535
89269b222cfffff,451583.5474823689,46871.73261345476,875
892a4d83317ffff,476788.27565930877,96235.88051101132,716
891cd39a89bffff,437176.65054538636,128194.87147755145,570
89f276d28c3ffff,470443.82657412975,122267.21519028845,113
89201ca2213ffff,424844.6532431368,92953.01200757136,547
893e116ee9bffff,432874.37090229837,115401.82652884406,507
89e82032e0bffff,412804.3999760689,86482.91233861304,901
89eb256cca3ffff,475497.881864424,79767.37500272634,791
89223034e23ffff,416204.2070579998,110715.1554094499,289
890536af40fffff,452956.00923239975,76059.02026911374,836
89012e1a12fffff,471707.8832049557,94522.53654373021,536
89616836dafffff,473579.19508771703,46331.703277680266,981
89e4f6c0c17ffff,471115.1473504111,111877.5209794019,931
899813c6853ffff,411315.85083012574,93049.84076721463,219
89050b89dc3ffff,443239.464556113,120731.85751757365,882
89b3612f4b3ffff,421538.762242546,103978.64347018937,554
89255dc6e67ffff,481809.8683863127,65087.72499711678,284
89b06c058d7ffff,459200.8255120727,104815.15460839467,981
89a1ac4a8c7ffff,448537.28201127297,99229.58947163042,127
89406d883d7ffff,463701.7207931536,130058.77575970015,21
896426cc593ffff,461527.4266215613,48698.99489016672,377
89ef2a96467ffff,462502.08099083515,45475.4677671089,459
897eed79813ffff,482579.58344696835,43909.67158117717,499
890f0543697ffff,438547.74852131784,123054.08353238812,314
89159c06cb7ffff,466969.80229082133,84359.82524317635,34
89e8703ac0bffff,477660.74411610654,99268.88616837442,726
892235b0157ffff,481003.0029196901,53834.27753107408,832
899add3193bffff,428584.9148728644,102605.73498226886,819
8916e580ba7ffff,467332.89348341094,112490.17815489385,203
89f3abb22a7ffff,430459.69060442905,97571.63391294301,199
89005e28553ffff,419846.513185763,58683.329972810956,580
893a838ca77ffff,429864.70808196225,67984.3134379097,262
89dad8cc0a3ffff,458234.7932843578,104557.5646976966,428
894c90a6edbffff,445342.34456624324,76604.85119095474,905
894b965b3cbffff,433459.3016261327,112078.81729813128,462
89eaa4a342bffff,421801.58314951946,110165.5244739629,118
893acad9b77ffff,437060.1943950064,129551.9763062753,185
89f0301a0cbffff,422899.62853373826,46349.29781847224,455
89ae2e8662bffff,425362.8440879353,96755.04587487676,934
89f249290abffff,463609.46107583365,68651.26714501246,896
892e064101bffff,480739.79808518686,69445.30835341103,48
8980e0d99bbffff,440280.43121568795,60077.48388774469,500
895d4659c6fffff,408041.18471701385,57993.76175276633,201
8928591929bffff,459134.5719969193,88246.31089107282,965
8932d8a1a5bffff,414764.6107025321,59562.70651460498,549
89dd400d00bffff,470821.1966770179,98971.32381962976,486
891a32290b3ffff,457329.14082842297,113170.90780982304,620
8927aa1837bffff,444012.1603709024,64876.141313276436,199
8923918d1b7ffff,407564.09295525856,62123.873762563395,447
89b6818b287ffff,456094.42563822813,79473.12513933821,973
89b8115457bffff,421172.06451776676,108131.39739021065,130
89e8b1225b7ffff,409569.1021764703,80384.71250375113,371
893b1e725d7ffff,412954.9999526142,130266.77651045517,515
89ee4024503ffff,421851.9124871509,90307.51192326544,522
896c148cd5bffff,470168.4080017285,101061.90162572931,563
8910a1b4587ffff,469204.2107557077,125506.10748803748,412
89c2202880bffff,422139.6651474705,92640.09981111974,922
89051114247ffff,450463.54809680296,127015.82053213113,520
895c6b66227ffff,441890.0573898165,52240.09360058722,913
894618a0237ffff,428917.4100442629,88931.07266366984,204
89afb038683ffff,467971.8372328595,89363.80813655368,955
896f5833623ffff,433084.2986837342,115798.11968315886,712
89e25aaeb0bffff,427551.2049333786,112365.93413040323,89
89ccada3543ffff,449859.9397988837,55342.35911148737,660
89bed8122cbffff,429685.6016491201,54686.686449046116,53
89de96babcbffff,457434.97883183253,115706.1873823093,654
8985194046bffff,431997.78791829955,120301.00301574972,694
8930f46b16fffff,421704.4872794372,74103.87095973003,307
89c1293617bffff,461366.01284500747,83332.65200708431,267
89e9285b283ffff,407044.9328158843,43989.2717260086,854
899b513527bffff,430183.02784934355,69661.3628093556,610
89dd93198b3ffff,455995.2925316114,113581.0325810952,471
89be19c7093ffff,413968.09555401286,105271.71009635698,781
895c5dd2ab3ffff,424611.37298769335,58356.98652010008,144
89ee0e97493ffff,440926.5027032874,46401.72733542223,899
8918f3011c7ffff,452206.82741320727,79543.23437641762,812
8900d9c46dbffff,409414.55716402305,52135.333288817594,456
89692a3ab47ffff,413805.2020440359,75173.92148412534,895
8994364a10bffff,473951.373514635,106860.32748154766,860
89100e10ebbffff,414119.16011729534,60348.67986337945,256
89d29ac70a3ffff,411701.14575037546,47966.34744249983,465
893b650c587ffff,434302.00458505633,128659.31544935625,737
895a4407303ffff,458086.6589319322,116625.06969544072,913
893c255084fffff,479911.7272212216,103404.37986560151,92
89dd0e1038fffff,474058.65590398666,128863.10377422764,813
89c04cc2c1bffff,410362.60454058816,85321.357456154,577
89dab139d07ffff,412425.1644543024,69472.18977779974,902
89470a2ee8fffff,454110.0308380608,94690.90370489712,786
89e7418cb4bffff,429731.8644208043,56350.50083487824,134
89d90d8ead3ffff,455702.90629328525,98416.98313363487,772
89ee9db902bffff,439491.44472088123,76667.50678685283,498
8960cca1b4bffff,468734.5569263256,78547.49153110367,170
89b48570e33ffff,474683.17391245795,45388.94297082784,753
8983933093bffff,417062.50245679956,63558.78474366739,251
89005a6a4b3ffff,478527.65614611143,120967.09233971093,833
89f2a265d67ffff,431194.0615446233,60679.50222502579,569
890021aed77ffff,442541.89683467423,50963.8172242626,598
89b853c0343ffff,414927.438887541,64744.20350413845,524
890ec3a58afffff,464811.5335087004,60037.08486710919,441
89d0d269837ffff,446635.5462834791,125112.71062042283,701
899f084ebb3ffff,434138.77766121505,118969.94060350022,201
89685b16547ffff,453245.8569728787,63846.540617445586,429
89aaaab0b2bffff,453929.4992757551,103750.80429362005,74
89115870607ffff,477474.3697486449,79786.29332596686,342
89501a72913ffff,455063.8504182427,110031.27953380345,782
893cf101607ffff,427703.82247298316,45450.12737430175,245
89eaf6a626bffff,475806.28808689606,65881.9836717498,426
898f040dd6fffff,451799.18932604697,112597.19655471227,246
89cd80655b7ffff,442399.69886026054,77131.77504357815,962
89018a0a237ffff,477105.03878845915,107516.9681761729,580
893364c8857ffff,442103.6757779329,45886.18762668051,55
896eca22557ffff,468735.6770860487,71882.57242374188,878
89056155407ffff,443974.33299240633,52896.964538855435,336
89ecd612227ffff,448853.32977363816,125408.14209992364,859
890072890cbffff,456937.9178999841,104598.53050101554,549
89291aa889bffff,440676.00259430124,124077.53811636956,906
899d1e12193ffff,433277.97737107734,114090.7150616767,144
89eb1b966c7ffff,465002.7402039664,57256.59115470398,760
89819608b77ffff,426428.54918268713,78989.21534611548,237
8956dec4363ffff,466205.5109188915,124163.07154352972,870
89398e35523ffff,441508.50028797064,85853.38268334756,587
89e531b9a43ffff,436257.32749526575,80043.49411184316,581
89808912907ffff,426602.27492797025,50362.08320861985,85
8954167239bffff,448937.0941264674,124182.56714450002,681
8906e1cf16bffff,411234.2478725826,68898.87950674075,116
891ef18c0dbffff,442483.48773815646,63381.43636077797,177
89a896aceafffff,443139.44986831513,109401.36914581331,728
8902edce62bffff,475632.7187745072,60385.18759190696,776
8900c40a16bffff,466655.54906405817,78727.28371917157,863
89046b22ddbffff,452235.22161474027,127631.43710421424,316
8914e311a97ffff,442493.28236968495,80776.8200365603,636
8936b5a9ed3ffff,429511.4261142558,121883.97836238772,55
89e3320cd5bffff,479768.10231497383,100476.84963312632,320
890c8501873ffff,464519.202216084,63368.83595150683,209
89afa034457ffff,418525.3423473966,63985.80768748954,290
892b09245a3ffff,438521.9277623393,51056.89877834588,300
89cf43c40d7ffff,411432.0405044759,74792.23512137347,434
893d5a190b7ffff,473547.7657163608,51029.189700833216,777
8967135517bffff,474645.1362320997,65622.55773729642,986
897b0dd4d8fffff,432353.0271183207,47566.261231260985,548
89d8f66912bffff,410356.1239654985,97334.97652460888,390
89ef54cc33bffff,478361.93748485297,128102.39082115711,749
8906c341677ffff,481745.3093764785,113708.90448842294,727
89050801227ffff,469180.2313012163,117307.46275748404,633
898f934e40fffff,471593.60337211983,44185.884839829545,871
8998613aeabffff,458985.9776845466,63001.69263111036,742
895ac3ba17bffff,457581.34143280354,126527.99539196072,374
89ef4e09e43ffff,459613.4776224281,100915.21302049598,71
890d617616fffff,482152.1140435971,83925.01478972216,963
890a5a90e5bffff,466670.20358305087,113685.35350831134,463
89d34192cd7ffff,437626.4841337158,103738.08441438299,569
893e459a567ffff,448589.02474797773,58712.87640995832,305
892773ac64bffff,482893.14213878236,97291.21116826177,304
898334a120bffff,455745.57881098567,102975.45231232024,475
890d98b1e13ffff,454024.9741998341,60663.94010761683,694
8915105a07bffff,472734.4731592588,110273.5661049746,77
8968f40564fffff,459896.92017703503,88498.66114464603,640
89d19605d2fffff,436546.10306275974,78656.80528634778,115
8920700edb7ffff,447529.17564861715,108798.2997595357,187
893c313a407ffff,442108.8349874449,111324.15406454066,572
89ad0290e07ffff,459212.10196126933,113955.03895894252,384
8964eca2857ffff,433451.8359731559,85048.99512634569,362
89531d131afffff,414384.4484846231,56201.76170365074,390
890a69b21b3ffff,411224.069306898,59313.073527717555,702
89c48410833ffff,476958.8779757501,63315.500706777835,300
8900dd44cabffff,481774.5486375948,105406.54985679666,600
89f2ed35e1bffff,408855.88196158066,121032.91846912134,662
89052d49b73ffff,458722.0609287362,110269.86085418267,573
894676b5d7bffff,474865.6979386076,46275.71184619695,328
89e31bd6a2fffff,465056.15736755106,80501.47298383692,673
89ec1cd740bffff,420008.8625928717,51445.20306938971,796
899474d868bffff,429470.95596918586,63127.93729051792,263
89efa514dafffff,426517.40120330825,56872.04304560735,873
89f17659943ffff,464313.81454243755,59492.69495338296,406
89bc1412293ffff,408813.18269908306,124415.87131397902,947
894ecd16c5bffff,454345.80561164883,44783.33724956623,142
89358c5286fffff,430342.23924978834,67467.6616460457,483
8910ca8a623ffff,415562.1020668023,121564.48133631045,900
890baa50e17ffff,452281.404946665,118704.61547838074,394
89b0e55692fffff,412041.95065807784,80343.28239093727,916
893902c9b63ffff,482078.3209415613,70552.38493539837,131
893f42b6043ffff,408025.4755815335,79408.08056612084,126
8902d9914dbffff,474231.25873379,108793.40517177022,375
89be898d813ffff,443006.6972572268,75572.07080716216,970
8905a27b00bffff,482470.8736019117,91555.06752925835,983
892b14c5327ffff,409728.6333182991,82372.78113893291,407
89b4288b5abffff,428969.6548379705,87139.78303788157,484
895c5e29197ffff,464047.4157307761,68255.48815844489,141
89ef8417067ffff,439459.7517226167,66420.30245293258,846
89b52412d3bffff,480100.5563924395,90024.53726873186,145
89bb1e71b4bffff,449961.0152330705,45181.83037214981,162
8980cebb5b3ffff,422285.2060235794,106156.87433809924,310
89030366d5bffff,473854.6774698633,104471.69828538528,844
89cf1578647ffff,441667.8385367634,72645.54395465039,154
898fa1a14a3ffff,428757.169589574,71192.24103416444,160
8992044da83ffff,471590.1042789195,45254.63695090174,574
89aba0cdc27ffff,414923.0189123923,126601.4264502096,695
8906c1ac983ffff,415555.89843133494,126852.72664323165,663
893205698cfffff,465514.356976897,68928.51288170839,833
89182168043ffff,447173.7342629043,47871.65371639689,479
89129dc688bffff,463447.7378662016,60892.90101101769,348
8936c62f187ffff,480266.47038799466,47733.216519385416,822
89e9663ad4bffff,470459.7774684095,54610.489817655536,980
892b9263407ffff,464806.7689595773,80557.94139004452,669
89024e914bbffff,469547.02920065605,57340.78918813053,931
89e26ca1557ffff,446631.82320965355,105875.5464551037,111
890270aa247ffff,465942.9372370777,103775.73174218729,615
8900532ae2fffff,476374.0056211832,97398.15348842446,166
89c00926ecfffff,475882.71321532165,91434.35309207086,52
89e42d98623ffff,413164.8301743463,80922.13313183554,314
890dabd6063ffff,407947.9908120674,54191.49939148489,954
89244271a23ffff,478124.1426402718,116750.56742275086,770
894f1b4c06bffff,439001.86554106936,76295.46313862565,58
89a791d1e0fffff,447322.34537806426,101820.70877556487,949
89e86d035abffff,426906.24243793386,97106.35964944599,73
89e7b495b2fffff,454977.36018005206,106244.31968521637,123
892bac8ed8bffff,482533.377900656,81469.81268612493,216
894f52d3587ffff,455923.7957746181,79172.07818100395,199
8927346e2a3ffff,432774.1076418827,52821.54716491152,786
890da956357ffff,437511.7922671454,84253.69381561728,703
89de3216e7bffff,427557.87849344534,85090.0141524465,613
89f06555ca7ffff,448460.28088351624,72205.60087654008,699
899d9916dc7ffff,430908.5782042404,109590.86688653592,303
897a0a19b03ffff,464577.9781223741,129823.34277294902,925
891b864d5c7ffff,454012.23120268935,97861.38004002543,903
893b9a78617ffff,457949.0201123872,119100.9923459486,603
894728484afffff,410073.7895799661,49510.968058582024,413
89d840b0a07ffff,474430.26658510824,91923.02116565895,167
899d4e4d9dbffff,440840.9930564223,107960.49928770887,858
893f4614b07ffff,447264.785871756,93447.1371656147,730
893c9aac84bffff,479322.4214814574,120865.66985658571,865
8902640814fffff,460517.37808823393,110089.12569034049,786
89586b6232bffff,456494.83949089795,50417.27829413601,423
890588cc64fffff,466991.4312806558,75729.41942711343,437
89e62cb4537ffff,408172.07279530825,108377.85158205491,290
8900a9ac093ffff,430640.81566045556,112382.39588789869,192
89608450b7bffff,448722.04345602053,93857.49076409523,661
89e30a72ed7ffff,472922.8340671152,113797.96427756663,42
894766cb267ffff,460834.1209333682,109275.48585923213,891
89881bc888bffff,456116.20402902813,72926.73446011008,881
89360dc1c77ffff,426272.9692582382,43775.73827900096,997
8994590cbc3ffff,429826.7662909049,64934.63394466498,927
89213436a8bffff,423769.8473988328,127495.2534441371,180
899e810443bffff,441910.1888499278,108706.68017564062,835
8919296f1cfffff,423057.60534866515,105117.5333018414,612
89c6ab2b18fffff,469762.27511692885,94911.45530237953,56
89464c0097bffff,444397.08076345664,47901.43224544915,422
89ed5271497ffff,409968.74408444966,77198.12871834925,670
89c4cc0a033ffff,448068.4628502135,116785.00366389495,673
89bb4eae893ffff,463644.7959796557,98089.65090787737,579
8977747704bffff,439730.865367524,106538.12224730087,100
89725e889a7ffff,480962.9762136221,45145.89365327792,555
8900ed136c3ffff,454046.45868942485,95422.49226562932,779
8905514618bffff,430659.6069595139,72331.59406175793,169
8954c387683ffff,478809.0921927397,130305.06821108791,62
897ac6c9bc7ffff,438653.46882230276,121183.09004385998,887
89c5abc4667ffff,459575.62074906606,57019.54893802597,282
89821bada27ffff,425158.98307451373,82448.71199966766,274
8947858c8d7ffff,461672.27293346135,79563.48923408776,497
89d0c289b7bffff,441593.01642157347,59596.213397179905,223
898ada286b3ffff,442083.6702859744,107579.40282014795,364
895c8d7ad63ffff,408773.68956668826,52226.00934240623,60
89854352a2bffff,450179.2682852718,90247.00088467044,810
89ec01cf34fffff,423610.3795042306,74848.51753984997,313
890f762c2c7ffff,452223.6577168696,47458.099009153804,982
89b8d18cd4bffff,415282.11837050726,75547.28617688017,192
8950aec8237ffff,412583.0583856283,120474.80241143874,454
893e755489bffff,423029.68252462073,120269.6582240495,580
89ed148e2abffff,427975.951307914,72524.32926677052,529
89032600d53ffff,481409.67419115384,54829.27442023216,156
892b94c4567ffff,443568.45030360273,100360.70304808114,42
89466852227ffff,419915.12898083084,57261.51907208828,333
890e1e6684fffff,472018.5815779088,67596.97054514263,717
89f29c50257ffff,446668.60632243444,120317.8498571734,830
89a56e07333ffff,449474.7927786703,48040.815043891605,951
8976b60685bffff,461513.80458657217,112472.1048596438,382
898eab0e5d7ffff,454305.83866336057,56431.44923626147,456
89d2584ee33ffff,482977.25777015416,68467.71903210516,730
898311d0a8bffff,460270.33419641975,67874.31973625487,38
895818c9633ffff,415811.3546094786,109086.66824443804,261
8971024e54bffff,435971.19453086227,118626.58287110206,647
899554cd573ffff,469794.1681802675,112084.21323632204,552
89006e25027ffff,447922.1236004353,100419.44961738869,934
890a1baea3bffff,477784.3497484196,79658.65462458137,980
897ede072b7ffff,481684.8548786865,84772.36655412114,298
89c4282d2abffff,422600.24529649486,105447.42623261627,266
89874006c4fffff,439754.91366108664,51022.427320000286,292
89e2c82cca7ffff,480549.61351215356,84832.68398670995,655
89d023552c3ffff,458235.9193814763,129972.50560008184,970
898f582f0c3ffff,440630.1561253493,84162.64687077832,62
89bf454c67bffff,446262.8507664412,94290.84107112998,563
89e78c6481bffff,430442.7787877075,66091.44639629693,673
89f0232535bffff,437679.0894062091,87190.71756742711,810
89f1738692bffff,472226.31601212866,96717.9160462731,720
89f155674c3ffff,482664.4247831282,46314.823559603574,99
894770a41cbffff,447267.4161183328,101534.86167945963,854
890fb63ada7ffff,420189.9596548326,123025.2570179214,761
89de24a499bffff,465062.32225234585,128821.0657557481,992
89a2d002c6bffff,476488.6723788957,98871.80067344221,977
89e6cc308d3ffff,478318.3422654954,55626.44447914873,98
8900eb404b3ffff,467372.39556538186,72962.44820114148,629
895e9cbb683ffff,481336.6846489773,56112.21322393207,507
89e2c5aaa23ffff,428273.7244776348,95091.07645093586,145
8935922a98bffff,476317.22288573737,89600.8436644047,184
89115a22c5bffff,479225.08545553894,70247.34826899042,357
89a516a5543ffff,453072.73175959557,53788.62081286854,516
896c58c6ecbffff,469259.39448227524,65609.17987762747,415
89dd5d98c17ffff,425757.2491041141,86191.39098827774,764
897b6125537ffff,467469.37938829896,74020.46203183454,107
899ed3d2e23ffff,459549.0583001294,88901.88874511552,296
89c88c85a3bffff,459934.57098575163,114406.48809878118,361
89c41d2242fffff,434837.9857668201,121283.72730717082,738
89f18eb58bbffff,474402.8957418203,67058.1006914725,719
89839300613ffff,424982.55442956183,113599.21334409791,624
89969a8425bffff,423717.2778436526,122433.56787929314,486
890000b61c7ffff,473479.3030167908,83914.80608200254,822
89079dac847ffff,476716.0040653437,86005.40177090996,551
890320c5a6fffff,477089.45378474315,109053.79716667562,5
89f2f50f12bffff,466118.7019790873,76205.42848175632,674
892c8e76883ffff,457707.39410991786,121909.19802313387,259
8926002f14fffff,467057.03680279775,129322.823417918,556
89d82ddb37bffff,441233.0514444075,126312.10152626282,111
89b19201c27ffff,422132.40402763756,58033.279922844915,54
890d5e88e13ffff,420545.65400424064,93452.77003520785,336
89becb0b35bffff,425006.7360657691,81683.65783624433,873
89b32ac23abffff,431478.8543138211,81111.55723130671,736
89d1a982d0bffff,476862.99031112355,110707.11883828166,443
89f0cab534bffff,433009.6701478205,65211.1297934342,293
89de546998fffff,427910.67762378627,75725.13903220522,114
89b44eaf12fffff,467616.48314806446,98472.73983387809,85
891f6d90687ffff,465177.58170399687,128909.12069409026,445
89a0885538bffff,410747.8324979114,109306.11423451222,212
8930a832e83ffff,458784.5313811506,48901.85176854367,668
89ccd96f59bffff,481895.2416153805,96012.12902293741,847
89019c80447ffff,478547.2197665612,51357.4947251737,438
89687598a0fffff,477011.10548822675,99481.87199979124,824
89f19d335b7ffff,472964.3195168292,65977.95308303495,922
89f1045b127ffff,467556.7829438122,113527.80266708734,401
8901ae4d627ffff,461267.2256672169,111467.63011976752,462
896ee9c20a3ffff,432372.26792750705,56400.195091179,561
893900d6c9bffff,440060.1282092441,53452.85082097472,78
890182512afffff,460188.1226105027,95277.29342713406,305
89b27318c93ffff,416369.26540187583,113873.99649946406,346
89ed3003437ffff,476215.94738061505,94847.4787096272,207
8905612f197ffff,455845.60714035074,63167.06602101099,287
89619b83613ffff,436336.25670891185,75680.25234736814,148
89e1ad9b4d3ffff,413162.175435958,58571.250024820736,361
89415e3ab37ffff,438142.6067433153,104866.20482717585,843
890013b8d07ffff,482140.92327710777,129113.39482952842,786
890c1c65957ffff,465902.33650089026,97038.62457194974,633
89310d4600bffff,453736.4040461213,118744.00785768137,862
89409d3a443ffff,439594.9607193128,123589.85257610067,35
894d04c894bffff,410069.0427355759,73017.61259838552,846
89032ab4e9bffff,470606.37213362,84531.28738982865,491
89ba83536dbffff,468691.2571424295,46627.573998741864,918
89ec534a2d3ffff,419326.0597639667,96253.33652622958,7
890c624e693ffff,409798.00371097634,90393.32099445132,586
89f105a4c3bffff,416785.16838830634,71581.50040061673,50
890332d5b8bffff,458726.4974021296,115383.08896115946,893
89938e90817ffff,481672.8187838723,111850.38860345985,383
89ad649264fffff,446975.94947489555,122946.04468163218,955
89238495b37ffff,411618.3640409711,104061.86227642049,875
893aa069957ffff,408392.3070269713,64564.147954011336,137
8900f2a1097ffff,411561.9762533468,89353.75155159723,94
89092379363ffff,407945.8363711444,92514.61555945117,153
89b49e51593ffff,448540.0303918418,50611.80359820618,364
89eb2c82edbffff,480483.38783786935,72747.70644935462,841
892c18d62c3ffff,417277.94815400935,62326.658148897346,890
89b618aa56bffff,434493.9264535539,65787.16077715611,45
89814d4edbbffff,412386.3827846403,50888.09539988062,928
89b48baeea3ffff,473740.2405278348,98486.35437351881,963
89926a47323ffff,475903.67103338905,76942.42837231344,716
891a509a043ffff,465886.7603080825,128121.46324947043,396
890312b5ba7ffff,458015.5549558401,46834.034045994806,140
89c4da7853bffff,419710.0003544708,86718.87645804891,502
89e4d02f04bffff,412146.7797738971,128610.99257795214,474
89ad9263013ffff,482603.5406631259,112522.71591712403,784
898a41b7197ffff,473942.73264284345,89749.4604768301,571
89805d52497ffff,433618.12013882323,85451.41621362287,456
8937422e367ffff,431782.8342621911,103718.9827456853,395
89ef0a0d323ffff,438019.5750041669,48014.781015178916,519
89782235c23ffff,421201.9522105271,99945.50910251819,438
899f2d8d807ffff,426085.410391818,82071.63580548498,27
89411022e87ffff,434183.06528622366,104876.00532032683,791
897d8455067ffff,421554.42630394764,78104.93721991104,992
89e0350b34fffff,479819.2164357856,115625.0286199237,2
895575b0d77ffff,478238.02266335534,52374.61315562567,964
893892add2fffff,451236.8566226733,61014.84164447899,347
89e8dd9a117ffff,428999.07262252027,105586.02773432148,361
8912a5a9a2fffff,477057.4484086849,103553.38478127784,338
89bc267b5d7ffff,452483.7799236333,124234.47118190043,201
8986d28830fffff,428218.79227659095,113660.83198667002,11
89400924627ffff,471267.120967995,70304.1249433543,576
8938ed8d00bffff,441031.04373877577,103687.53102772587,301
899ba696d6fffff,409521.0869081193,122773.61547224248,109
89677594963ffff,407894.3708215472,78051.55810471834,480
89d9598704bffff,443394.0207646212,86346.30413846843,17
89e0b41409bffff,412866.1508763781,69912.95660483965,532
89000b8dd13ffff,437137.1568489929,106772.77847227923,282
8903228b6d3ffff,407969.457880127,96699.87559518055,488
8922b39a823ffff,430249.0114719295,102803.14875102427,114
899748c58b3ffff,433278.93155284174,90561.51934707383,309
891b92b74a3ffff,463730.39502127626,98219.06583216132,646
89baa10725bffff,469292.0587153367,75964.86720437786,881
890e5bd6a13ffff,418809.2055430313,58785.99558326748,499
891b011462fffff,425937.45974522637,92476.12526336167,911
8939842c58fffff,462027.40470771183,84410.41058700855,466
89014aa980fffff,458740.9604419845,54896.55349248411,501
8935b13b00bffff,453379.59242674493,118224.43316254838,727
89584c993d7ffff,442814.62426840456,117016.30531420646,420
893b7031a73ffff,434556.4534274244,58634.86600962235,488
89001dab663ffff,431001.19608216383,52962.17909810091,180
8900468612fffff,470963.00628892577,48960.31897166049,453
89dece29e73ffff,429073.05629648035,114432.27142158842,615
893f2306277ffff,421342.60748173995,120798.51330837309,807
89b05c76a83ffff,448399.4819699394,59820.203865454205,840
898aee2cd4fffff,433439.5436961071,74095.43848580099,548
89d5888037bffff,464989.8943335541,92185.84341184089,427
89044a434c7ffff,437472.76219081366,77222.44940989162,668
890361c31a3ffff,440018.7439065336,107416.4118093542,449
897cc162023ffff,453412.2540877848,124717.69650732183,851
89b61a6f267ffff,457765.22715699725,54808.954925667844,904
899f6e3193bffff,452006.44937504025,59024.40412505215,45
89c45941333ffff,456432.635266023,106891.42052521303,116
89f28aa4003ffff,446674.60985821614,56784.45382686791,463
8902ec55897ffff,457306.87153911276,116001.9879650041,611
89a491c1ccfffff,470365.1569194272,84382.50062253934,856
89648e33483ffff,418698.24121814495,116376.0980147348,420
8932a34f4a3ffff,415479.91200439155,123655.24362875229,993
89f3023b197ffff,461055.877793431,56892.423728403526,206
892391a9657ffff,437444.2896273876,106403.74904599368,557
89bfaea4577ffff,461485.1804652129,100242.60364789236,406
89f290d9187ffff,481591.2686611818,49447.6293454562,54
8960d9ac4b3ffff,434537.21774427645,122107.00639072027,715
899e5411013ffff,474822.73929569346,71441.56395854312,980
890283cd8c7ffff,480707.36697419605,109849.77346065549,650
891340d0553ffff,423424.07612210163,66852.73123333583,320
8972712764bffff,445853.50672893133,112284.74764567877,440
89003440e9bffff,442875.50391918694,82121.31035690062,12
891f64766bbffff,428522.23377587297,95603.30398981564,673
89d81abb0c3ffff,463993.31364661217,118215.0025348258,293
89d25a71577ffff,417096.9789866402,56948.94301332774,439
891143dada7ffff,418073.38241121324,119741.568276277,932
89f0734c363ffff,458537.8861365299,95986.72566286,903
89f0730ac67ffff,443081.8608373701,80685.32632703663,329
89f2c4c748bffff,427959.62276334653,129132.7264983779,686
89d89ac59cfffff,476139.4593912141,63320.018811294176,207
8900407887bffff,465935.94011012465,115013.45277509841,123
8977a2c7497ffff,455761.41807634686,87629.3645836902,807
89393266673ffff,471638.47625815735,48589.53808736283,355
89228b89057ffff,481373.02064148174,101717.14524681267,333
89171393217ffff,471298.6507408211,53071.988721988455,990
8903046731bffff,481052.4497434868,63787.26090456964,484
8900e952573ffff,461252.463427625,89133.16319664763,227
89ad1946d73ffff,461009.1927112941,54912.887478891476,545
893d89814a7ffff,439713.3399487396,68661.96944067851,238
89545c605b7ffff,453610.60896928306,129590.59771600919,650
89501441113ffff,407899.89609986456,109673.04913680296,216
89f081cf373ffff,431172.19486314466,74420.10298909739,899
896136b9943ffff,411654.6377582446,119064.4305478372,959
892cccc650fffff,468398.54771542316,83575.25310497746,534
89d460146c7ffff,448871.93092532986,106386.76070208041,43
89058c48457ffff,474911.54151412396,104166.62320462932,561
89f28839e7bffff,414635.03643340914,125179.69338497795,431
89ca0bc32a7ffff,472541.76304534415,129479.13237435678,979
89f0e118453ffff,462495.06655984576,82674.74660634273,82
894ea304dabffff,431305.3078673047,78995.30438560902,79
8916c371237ffff,475332.57871579385,124190.61335716535,58
89630362923ffff,420494.9671397085,114177.43469759957,838
89bee93a137ffff,410250.81802442635,118763.82863621639,197
8966c272153ffff,461339.18842589046,81463.30789370846,531
899ce002b9bffff,437747.9225728106,117141.25559424474,511
89daed55bd3ffff,455348.80838602956,64596.400630305594,787
8952427ababffff,407536.7096390886,54769.98576372315,103
893d9345133ffff,423157.68852136115,129137.24846132287,347
892564ce9a3ffff,438244.3624963019,63644.247680355984,226
89126479e8fffff,481080.81283624587,125714.70087209469,127
890576032c7ffff,454042.1167532963,50525.09459373671,509
8937a0cce73ffff,474981.2410706756,108383.62564274139,190
89b74ac842bffff,450928.1184281107,121397.63350069283,35
8909aa01477ffff,451501.17398505623,92164.50301253216,531
897922461dbffff,480050.2718256552,124603.85644198046,893
89428276e67ffff,472121.6548663861,101043.73873978844,661
890520024a3ffff,467380.36054498155,68316.9487574555,888
89506962273ffff,438996.6450656491,49358.0798285199,461
89f0d108d7bffff,469690.4438763083,94921.4364549488,734
89641ea5663ffff,407892.6696234515,56255.562143739364,711
89e7051b543ffff,477649.5352610302,122796.72168553963,418
89ebab75cd3ffff,416761.2386409521,51131.04282746144,838
890cae21863ffff,419101.19852306775,79031.27451760213,34
89b120c942bffff,468215.60065381695,119936.63715267165,439
89e5848582bffff,440584.1138239699,107757.13061872654,589
893b8ad1d17ffff,434550.67869861476,65463.45520027246,486
8935b52442bffff,413681.3719921654,52164.87601947094,18
89b0c1036d7ffff,458839.16278255556,109505.63139886531,389
89641372a8bffff,482206.4397380804,68317.00152769434,366
8900751740fffff,433881.193813663,81364.99120150448,71
89f1586dbcbffff,445221.5671311207,114342.8892907828,192
890ce5ce353ffff,431700.4103941435,84443.42935835698,186
89893303013ffff,437955.6018157384,77070.19222083583,285
8994e92d2abffff,424995.45097426715,107953.02186857442,235
892c503adbbffff,445722.13287637796,90771.36033769306,1
89af2d62c2bffff,415422.94373662875,100530.590865806,925
89631c459c7ffff,426405.3653138106,48476.43053439136,525
89a809d4b27ffff,445521.5072314824,130447.31773827181,7
89c44b1a253ffff,458952.79760540114,102574.68492051776,907
891db3d5e97ffff,470575.12612097274,58526.738588027714,906
89007078e37ffff,420217.75895349565,123312.94905827992,994
89c9062c96fffff,446718.34372234147,52679.862034634556,174
895a32a0973ffff,409126.3442320704,60115.53774454293,155
893e7186bc3ffff,471030.8063361368,44490.66136947376,884
89e2556d323ffff,456786.1795700088,97063.95494585633,877
89d15a8212fffff,457157.3407964701,45377.88278894513,905
89ad4cc9b5bffff,434849.28080779617,74523.4494382058,743
89c126c839bffff,447096.93879820395,83506.55583390406,78
89134010bc7ffff,446103.67269965494,88093.42941507977,560
89b422a69cfffff,414210.61715613183,111262.76971910853,97
89f24202c0bffff,473294.5129036177,83582.9995713339,341
89d224a7583ffff,416029.41639551776,101227.13111997506,67
89ea9227277ffff,408481.18411635415,62992.829340206605,948
891ec42a2c7ffff,452202.9389673432,74903.40352538845,384
89db8da1c9bffff,423308.95309332263,119694.42778817438,719
89ecf351897ffff,410288.2352979237,113350.44794856114,176
